filename,class_name,center-x,center-y,normalised_width,normalised_height
1.jpeg,none,0.129230769,0.3798798795,0.08615384599999999,0.1471471469999999
2.jpeg,none,0.6207692305000001,0.3798798795,0.07538461499999996,0.177177177
3.png,none,0.7372697725,0.2972167,0.06392199300000012,0.12922465200000002
4.jpeg,none,0.538043478,0.19166666650000003,0.13695652199999983,0.283333333
5.jpeg,none,0.686956522,0.158333333,0.1173913040000001,0.3
6.png,none,0.545,0.3659793815,0.1,0.189003437
7.jpeg,none,0.609482759,0.288343558,0.10172413799999985,0.17791410999999993
8.jpeg,none,0.43793103450000004,0.29601226950000004,0.103448275,0.21779141100000002
9.jpeg,none,0.225,0.3358895705,0.10517241399999996,0.211656441
10.jpeg,none,0.7801724135,0.306748466,0.12931034500000005,0.214723926
11.jpeg,none,0.3586206895,0.547546012,0.120689655,0.21165644199999997
12.jpeg,none,0.6862068969999999,0.5168711655,0.1000000000000001,0.18711656500000004
13.jpeg,none,0.582,0.159,0.1919999999999999,0.226
14.jpeg,none,0.458,0.659,0.168,0.27
15.jpeg,none,0.20504731850000002,0.24229691899999997,0.21451104099999996,0.36134453799999994
16.jpeg,none,0.385646688,0.21988795500000002,0.1624605680000001,0.37254902
17.jpeg,none,0.48817034700000006,0.6344537815,0.14353312399999996,0.30532212899999994
18.jpeg,none,0.6001577290000001,0.39635854349999994,0.16876971600000004,0.366946779
19.jpeg,none,0.7365930599999999,0.21288515449999998,0.12933753999999992,0.38095238099999995
20.jpeg,none,0.516875,0.3666666665,0.09624999999999993,0.191111111
21.jpeg,none,0.3032,0.44005848000000003,0.3344,0.23099415200000006
22.jpeg,none,0.708,0.7777777775000001,0.3056,0.14230019500000005
23.jpeg,none,0.258152174,0.127737226,0.2554347820000001,0.204379562
24.jpeg,none,0.7717391305,0.239051095,0.31521739100000007,0.288321168
25.jpeg,none,0.6258333335,0.391691395,0.2916666670000001,0.575667656
26.jpeg,none,0.12499999999999997,0.23125,0.15740740799999997,0.13541666600000005
27.jpeg,none,0.43827160449999997,0.21666666650000002,0.237654321,0.15833333300000002
28.jpeg,none,0.6396604939999999,0.2463541665,0.149691358,0.11770833299999997
29.jpeg,none,0.774691358,0.2578125,0.11728395000000004,0.096875
30.jpeg,none,0.8827160495000002,0.2744791665,0.12037037099999984,0.08645833300000003
31.jpeg,none,0.10024449850000001,0.24226190500000003,0.14506927500000003,0.277380952
32.jpeg,none,0.2579462105,0.35238095249999996,0.11491442500000003,0.264285715
33.jpeg,none,0.599022005,0.261309524,0.13691931599999999,0.2892857140000001
34.jpeg,none,0.7224938875,0.39107142850000004,0.09209453900000007,0.20119047700000003
35.jpeg,none,0.84800326,0.2994047615,0.139364304,0.244047619
36.jpeg,none,0.2979414955,0.254137116,0.11050920899999994,0.21985815600000005
37.jpeg,none,0.4079089925,0.49645390100000003,0.10942578500000008,0.29314420799999985
38.jpeg,none,0.5639219934999999,0.5484633569999999,0.128927411,0.269503546
39.jpeg,none,0.6874322860000001,0.23640661950000005,0.09642470200000007,0.260047281
40.jpeg,none,0.6813365929999999,0.2816399285,0.08475957599999996,0.24955436700000003
41.jpeg,none,0.5814995925,0.365418895,0.08231458900000005,0.18181818200000008
42.jpeg,none,0.32999999999999996,0.236,0.134666666,0.306666666
43.jpeg,none,0.548,0.156,0.098666666,0.210666666
44.jpeg,none,0.734,0.24,0.113333334,0.256
45.jpeg,none,0.26435536299999995,0.237942122,0.09100758399999999,0.14147909999999997
46.jpeg,none,0.698808234,0.27411575550000006,0.07583965399999991,0.13344051499999998
47.jpeg,none,0.33531961,0.1888246625,0.057421452,0.107899807
48.jpeg,none,0.47858319599999993,0.11120263600000001,0.113673806,0.149917628
49.jpeg,none,0.556836903,0.6696869849999999,0.15815485999999992,0.14991762800000005
50.jpeg,none,0.54,0.38190954799999993,0.29090909000000004,0.48743718599999997
51.jpeg,none,0.6416666670000001,0.44861111100000006,0.2875,0.48055555600000005
52.jpeg,none,0.240625,0.29444444449999996,0.264583334,0.227777777
53.jpeg,none,0.8447619045000001,0.28626943,0.10857142900000001,0.17357513
54.jpeg,none,0.18476190450000002,0.22538860099999997,0.148571429,0.16062176199999997
55.jpeg,none,0.36,0.5842857140000001,0.26909091000000007,0.425714286
56.jpeg,none,0.5872727275,0.6928571429999999,0.330909091,0.34
57.jpeg,none,0.133333333,0.22875,0.14,0.2275
58.jpeg,none,0.2433333335,0.39375,0.05333333300000002,0.1325
59.jpeg,none,0.44833333350000004,0.17125,0.10666666700000008,0.1825
60.jpeg,none,0.9208333335000002,0.2475,0.09166666700000008,0.2
61.jpeg,none,0.8041666665,0.6175,0.12833333299999994,0.14499999999999993
62.jpeg,none,0.6741666669999999,0.2625,0.045,0.085
63.jpeg,none,0.535,0.31000000000000005,0.09,0.21428571400000002
64.jpeg,none,0.50875,0.45333333299999995,0.3475,0.5999999999999999
65.jpeg,none,0.3685714285,0.19,0.11714285700000004,0.11142857200000003
66.jpeg,none,0.5664285714999999,0.720714286,0.13285714299999996,0.14999999999999983
67.jpeg,none,0.5448,0.48915662649999997,0.5296,0.925301205
68.jpeg,none,0.7291044775,0.22117962450000003,0.17761194099999997,0.32975871300000004
69.jpeg,none,0.40074626900000004,0.34584450400000005,0.147761194,0.27882037600000004
70.jpeg,none,0.1768656715,0.4061662194999999,0.13582089499999997,0.292225201
71.jpeg,none,0.43828125,0.24375,0.1984375,0.16041666599999999
72.jpeg,none,0.6140625,0.26927083300000004,0.1375,0.128125
73.jpeg,none,0.4575,0.5014925375000001,0.17,0.453731343
74.jpeg,none,0.2062937065,0.3752236135,0.11888111900000002,0.09212880099999998
75.jpeg,none,0.5125874125,0.34883720900000004,0.20279720299999993,0.12164579600000001
76.jpeg,none,0.3503496505,0.228980322,0.160839161,0.121645796
77.jpeg,none,0.8153846155000001,0.347495528,0.15104895100000004,0.09749552800000003
78.jpeg,none,0.1556338025,0.620422535,0.17042253499999999,0.21549295800000012
79.jpeg,none,0.6570422535000001,0.6183098594999998,0.20422535299999997,0.3464788729999999
80.jpeg,none,0.874647887,0.6323943665,0.191549296,0.29014084500000004
81.jpeg,none,0.65,0.27394366200000003,0.2239436620000001,0.3
82.jpeg,none,0.8211267605,0.27605633799999996,0.16056338099999992,0.253521126
83.jpeg,none,0.26056337999999996,0.4267605634999999,0.18028168999999994,0.2845070429999999
84.jpeg,none,0.40070422549999996,0.46690140850000006,0.11126760499999998,0.17042253499999999
85.jpeg,none,0.16056338,0.167605634,0.10422535200000001,0.132394366
86.jpeg,none,0.32394366199999997,0.1633802815,0.169014084,0.11830985900000003
87.jpeg,none,0.43591549300000004,0.3805496829999999,0.09718309800000009,0.22832980999999994
88.jpeg,none,0.5767605635,0.11627907,0.11690140899999987,0.21141649
89.jpeg,none,0.32887323949999997,0.27695560249999995,0.04647887300000001,0.07610993700000004
90.jpeg,none,0.22464788749999998,0.278012685,0.125352113,0.23044397400000002
91.jpeg,none,0.8697183100000001,0.15116279049999998,0.11690140800000012,0.18393234699999997
92.jpeg,none,0.4,0.895348837,0.19436619799999988,0.209302326
93.jpeg,none,0.1265625,0.125212947,0.078125,0.161839864
94.jpeg,none,0.26796875,0.1439522995,0.1484375,0.206132879
95.jpeg,none,0.63203125,0.20187393550000002,0.3078125,0.339011925
96.jpeg,none,0.8546875,0.7299829640000001,0.190625,0.26064735999999994
97.jpeg,none,0.58828125,0.5954003405,0.1140625,0.127768313
98.jpeg,none,0.13359375,0.5868824530000001,0.1203125,0.12095400400000003
99.jpeg,none,0.15859375,0.7913117545,0.1671875,0.250425895
100.jpeg,none,0.8114842905,0.3221153845,0.09534127899999993,0.205769231
101.jpeg,none,0.5472222225,0.4717853839999999,0.24166666699999995,0.19426456999999997
102.jpeg,none,0.5861111115,0.180388529,0.21388888899999986,0.17206290400000002
103.jpeg,none,0.775731311,0.143371758,0.056338028000000005,0.165706052
104.jpeg,none,0.26640625,0.43159204,0.0953125,0.3358208959999999
105.jpeg,none,0.6234375,0.521144279,0.1125,0.26119402999999997
106.png,none,0.7713178294999999,0.4632352940000001,0.14341085299999995,0.20294117600000006
107.jpeg,none,0.3495024875,0.37,0.06467661700000009,0.162857142
108.jpeg,none,0.505597015,0.23,0.07338308400000003,0.15714285800000002
109.jpeg,none,0.2201492535,0.7128571429999999,0.06218905500000001,0.14571428599999992
110.jpeg,none,0.621268657,0.678571429,0.06592039800000003,0.14000000000000007
111.png,none,0.31010101,0.17410714300000002,0.26060606000000003,0.290178572
112.png,none,0.08282828299999999,0.7008928575000001,0.15353535399999999,0.17410714300000013
113.png,none,0.301010101,0.7879464290000001,0.14141414200000008,0.15625
114.png,none,0.49090909099999996,0.7433035715,0.1333333339999999,0.14732142899999992
115.png,none,0.7454545455,0.6674107145,0.14949494899999996,0.20982142900000017
116.png,none,0.9444444445000001,0.6484375,0.11111111099999992,0.1852678580000002
117.jpeg,none,0.362096774,0.6266794624999998,0.13387096799999992,0.22072936699999984
118.jpeg,none,0.8346774195,0.7687140115,0.13064516099999995,0.1593090210000001
119.jpeg,none,0.1989130435,0.16018662549999999,0.07608695700000001,0.09953343699999999
120.jpeg,none,0.16847826049999998,0.48989113500000003,0.09782608699999999,0.12441679599999991
121.jpeg,none,0.35434782649999996,0.5105863190000001,0.05217391299999997,0.099348534
122.jpeg,none,0.6521739129999999,0.471498371,0.06739130399999997,0.10586319199999998
123.png,none,0.52421875,0.1558098595,0.2328125,0.19542253500000004
124.png,none,0.621875,0.48547535199999997,0.3,0.16461267599999999
125.png,none,0.209375,0.486795775,0.271875,0.19894366200000005
126.png,none,0.61328125,0.8045774649999999,0.2359375,0.16901408400000006
127.jpeg,none,0.16,0.380833333,0.2125,0.225
128.jpeg,none,0.394375,0.42833333300000004,0.12625,0.13000000000000006
129.jpeg,none,0.51,0.17666666699999997,0.1075,0.12999999999999998
130.jpeg,none,0.646875,0.43583333299999993,0.13375000000000006,0.16499999999999995
131.jpeg,none,0.783125,0.25166666649999997,0.14625,0.17333333299999998
132.png,none,0.215,0.4041666665,0.24,0.348333333
133.png,none,0.449375,0.46083333350000005,0.19375,0.2916666670000001
134.png,none,0.676875,0.4566666665,0.23875,0.40666666700000004
135.png,none,0.853125,0.3458333335,0.16625,0.318333333
136.jpeg,none,0.7361863489999999,0.337944664,0.10075839600000018,0.19169960400000002
137.jpeg,none,0.35265438800000004,0.37642276399999997,0.12676056399999996,0.21300813000000002
138.jpeg,none,0.23726977250000003,0.63902439,0.123510293,0.17235772399999996
139.jpeg,none,0.5205850489999999,0.393495935,0.12026002199999998,0.17560975599999998
140.jpeg,none,0.6717226434999999,0.35772357750000006,0.12567713899999994,0.204878049
141.jpeg,none,0.2258938245,0.159922929,0.087757313,0.181117534
142.jpeg,none,0.7562296854999999,0.1425818885,0.10617551499999997,0.204238921
143.jpeg,none,0.35698808249999997,0.5826161790000001,0.11159263299999998,0.12564543799999991
144.jpeg,none,0.599674973,0.5645438899999999,0.09642470199999986,0.13080895000000006
145.jpeg,none,0.432286024,0.27108433750000005,0.10834236200000001,0.163511187
146.jpeg,none,0.67659805,0.16609294349999998,0.09209100800000006,0.14285714299999996
147.jpeg,none,0.5498374865,0.13511187600000002,0.10509209100000003,0.17039587
148.jpeg,none,0.3663636365,0.36612021850000004,0.09272727299999996,0.163934427
149.jpeg,none,0.7772727275,0.4781420765,0.07090909099999987,0.120218579
150.jpeg,none,0.4864572045,0.292870906,0.15601300099999998,0.23892100200000002
151.jpeg,none,0.46171875,0.276995305,0.1359375,0.20657277000000004
152.jpeg,none,0.31015625,0.22887323950000002,0.1046875,0.22300469500000006
153.jpeg,none,0.6234866825000001,0.48356164349999997,0.18159806300000006,0.12054794499999992
154.jpeg,none,0.598062954,0.8157534249999999,0.19854721600000005,0.12191780800000014
155.jpeg,none,0.327160494,0.2264957265,0.11934156400000001,0.11452991500000001
156.jpeg,none,0.7975,0.401500938,0.1975,0.31519699799999995
157.jpeg,none,0.553125,0.40900562900000004,0.23625,0.3827392120000001
158.jpeg,none,0.306875,0.48405253299999995,0.22375,0.4502814259999999
159.jpeg,none,0.759375,0.3583333335000001,0.175,0.30555555500000003
160.jpeg,none,0.2234375,0.327777778,0.128125,0.322222222
161.png,none,0.514102564,0.212,0.18205128199999995,0.376
162.png,none,0.8384615384999999,0.318,0.18461538500000016,0.348
163.jpeg,none,0.2687908495,0.501754386,0.17483660099999998,0.16140350799999997
164.jpeg,none,0.23120915050000002,0.8368421055,0.184640523,0.1508771929999999
165.jpeg,none,0.32333333350000004,0.1377295495,0.14333333299999998,0.16193656099999998
166.jpeg,none,0.4258333335,0.1969949915,0.13833333299999998,0.15692821299999998
167.jpeg,none,0.6975,0.23038397299999996,0.16166666599999985,0.210350584
168.png,none,0.31266666700000006,0.3669871795,0.24400000000000005,0.6570512829999999
169.jpeg,none,0.22034883700000002,0.28804347850000006,0.26627907000000006,0.41086956500000005
170.jpeg,none,0.500806452,0.26533333299999995,0.13709677399999995,0.26399999999999996
171.png,none,0.5655991735,0.3639705885,0.19318181899999995,0.378676471
172.png,none,0.7820247935,0.482536765,0.1177685949999999,0.266544118
173.jpeg,none,0.553986711,0.29356568400000005,0.21096345599999997,0.45308311000000007
174.jpeg,none,0.22009966799999997,0.72,0.25415282399999994,0.384
175.jpeg,none,0.5323920265,0.632,0.10465116299999987,0.154666666
176.jpeg,none,0.791528239,0.664,0.15448505000000004,0.23466666600000008
177.jpeg,none,0.8480066445,0.18266666700000003,0.20099667699999998,0.28
178.jpeg,none,0.5747508305,0.204,0.156146179,0.317333334
179.jpeg,none,0.17691029900000005,0.23866666649999999,0.25415282400000005,0.47733333299999997
180.jpeg,none,0.25983606549999994,0.5098522165,0.4016393449999999,0.9310344829999999
181.jpeg,none,0.6368852459999998,0.31527093599999995,0.24754098400000002,0.5320197039999999
182.jpeg,none,0.9483606554999999,0.445812808,0.103278689,0.4285714280000001
183.jpeg,none,0.16941176500000002,0.27659574499999995,0.18823529400000005,0.319148936
184.jpeg,none,0.3223529415,0.4521276595,0.12235294099999997,0.27304964499999995
185.jpeg,none,0.434117647,0.2588652484999999,0.12,0.28368794299999994
186.jpeg,none,0.574117647,0.3226950355,0.14117647,0.26950354699999995
187.jpeg,none,0.6717647059999999,0.5177304964999999,0.1482352939999999,0.27659574499999995
188.jpeg,none,0.811764706,0.3085106385,0.15058823600000001,0.276595745
189.jpeg,none,0.23294117649999999,0.503546099,0.18823529499999997,0.312056738
190.jpeg,none,0.4047058825,0.33865248249999996,0.221176471,0.265957447
191.jpeg,none,0.58,0.265957447,0.18117647000000006,0.368794326
192.jpeg,none,0.7835294115000001,0.28900709199999997,0.16941176499999996,0.379432624
193.jpeg,none,0.520625,0.3834175085,0.25125,0.2432659930000001
194.jpeg,none,0.208552632,0.39447731750000004,0.069736842,0.14595660700000002
195.jpeg,none,0.299342105,0.40039447749999996,0.06973684200000003,0.10256410299999993
196.jpeg,none,0.445394737,0.33136094650000003,0.13026315800000002,0.21301775100000003
197.jpeg,none,0.6342105265,0.35897435899999997,0.12631578899999993,0.18934911199999996
198.jpeg,none,0.7328947365,0.3096646939999999,0.10263157899999989,0.17357001999999994
199.jpeg,none,0.9171052629999998,0.1627218935,0.1657894740000001,0.250493097
200.jpeg,none,0.40142857150000005,0.368852459,0.271428571,0.5956284159999999
201.jpeg,none,0.318128655,0.23999999999999996,0.08421052599999998,0.15304347799999996
202.jpeg,none,0.39298245600000004,0.2226086955,0.07719298200000003,0.17739130499999997
203.jpeg,none,0.881818182,0.1856287425,0.23636363600000002,0.371257485
204.jpeg,none,0.27846153850000005,0.2646484375,0.16307692299999998,0.173828125
205.jpeg,none,0.56,0.275390625,0.12615384599999988,0.18359375
206.jpeg,none,0.47100313499999996,0.4047058825,0.371473354,0.569411765
207.jpeg,none,0.30399348,0.3098693755,0.12387937999999998,0.21335268499999993
208.jpeg,none,0.469030155,0.1850507985,0.13447432800000012,0.277213353
209.jpeg,none,0.48863636350000006,0.4273897060000001,0.06198347100000001,0.10477941200000006
210.jpeg,none,0.048553718999999995,0.40625,0.041322313999999985,0.10661764799999993
211.jpeg,none,0.534,0.160839161,0.128,0.251748252
212.jpeg,none,0.35048754049999997,0.21347402599999996,0.10509209100000003,0.19318181799999998
213.jpeg,none,0.5297941495,0.36769480499999996,0.09317443100000003,0.15746753199999997
214.jpeg,none,0.7562296854999999,0.268668831,0.11700975100000002,0.16071428599999996
215.jpeg,none,0.3862405205,0.5641233765,0.10509209100000003,0.134740259
216.jpeg,none,0.5442857145,0.4325481795,0.19142857100000008,0.29122055700000005
217.jpeg,none,0.3439282805,0.2623188405,0.16136919300000008,0.243478261
218.jpeg,none,0.7029339855,0.20289855099999998,0.16381418100000006,0.29565217399999993
219.jpeg,none,0.4328277355,0.3420038535,0.11592632699999997,0.21772639700000002
220.jpeg,none,0.5346695560000001,0.38728323699999995,0.08992415999999999,0.23121387199999988
221.jpeg,none,0.5297473515,0.5866084425000001,0.14180929100000003,0.27947598300000004
222.jpeg,none,0.6801140995,0.4119359535,0.1572942130000001,0.26200873300000005
223.jpeg,none,0.5081499589999999,0.22343522600000001,0.13447432799999987,0.23435225599999995
224.jpeg,none,0.24898125499999998,0.22125181950000003,0.13284433600000006,0.299854439
225.png,none,0.11933333349999999,0.10320641249999998,0.08666666699999998,0.15831663299999998
226.jpeg,none,0.4037383174999999,0.2976040355,0.5719626169999998,0.4842370749999999
227.jpeg,none,0.4885900575,0.41315136450000006,0.29258353699999995,0.333333333
228.jpeg,none,0.4794149515000001,0.2173913045,0.08125677100000006,0.16977225699999995
229.jpeg,none,0.16416666700000002,0.285,0.16500000000000004,0.25
230.jpeg,none,0.347457627,0.2719714965,0.14237288199999998,0.225653207
231.jpeg,none,0.4686440680000001,0.336104513,0.13050847399999999,0.249406176
232.jpeg,none,0.6949152545000001,0.31235154350000005,0.142372881,0.273159145
233.jpeg,none,0.818644068,0.2779097385,0.13220339000000014,0.29928741100000006
234.jpeg,none,0.48699891649999993,0.49349593500000005,0.070422535,0.09918699200000014
235.jpeg,none,0.4131578945,0.5552631579999999,0.33157894700000007,0.38421052599999983
236.jpeg,none,0.4824561405,0.31892523350000007,0.45964912299999994,0.595794393
237.jpeg,none,0.632857143,0.4416243655,0.32,0.5634517770000002
238.jpeg,none,0.38,0.23984771549999997,0.157142858,0.46446700499999993
239.jpeg,none,0.41458333350000004,0.49861111100000005,0.41666666700000005,0.6194444440000001
240.jpeg,none,0.255,0.34223918550000004,0.11333333400000004,0.36895674300000003
241.jpeg,none,0.52,0.3396946565,0.22999999999999995,0.435114503
242.jpeg,none,0.7216666665000001,0.31043257,0.143333333,0.41221374
243.jpeg,none,0.29198266500000003,0.23506743700000002,0.057421452,0.10019267800000003
244.jpeg,none,0.4620801735000001,0.28612716750000006,0.07258938299999995,0.10982658900000004
245.jpeg,none,0.659263272,0.38053949899999995,0.07908992399999999,0.16377649400000008
246.jpeg,none,0.15,0.13252032549999998,0.080434782,0.11869918699999996
247.jpeg,none,0.3510869565,0.231707317,0.073913043,0.125203252
248.jpeg,none,0.50625,0.5555555555,0.315625,0.5777777770000002
249.jpeg,none,0.14565217399999997,0.30115830099999996,0.260869566,0.5096525099999999
250.jpeg,none,0.4706521740000001,0.2934362935,0.18913043399999993,0.4787644789999999
251.jpeg,none,0.8576086954999999,0.3803088805,0.27173913099999986,0.652509653
252.jpeg,none,0.1506410255,0.13584474849999997,0.11666666699999999,0.22602739699999996
253.jpeg,none,0.46602564100000005,0.3493150685,0.14230769200000004,0.301369863
254.jpeg,none,0.5141304345,0.32046332050000004,0.18478260899999988,0.44015444100000006
255.jpeg,none,0.298603652,0.290076336,0.18259935600000002,0.36641221399999996
256.jpeg,none,0.5880773359999999,0.7070610685,0.16004296399999993,0.28816793899999993
257.jpeg,none,0.7518796995,0.24809160300000002,0.20408163300000012,0.408396946
258.jpeg,none,0.09375,0.21158129150000002,0.1275,0.285077951
259.jpeg,none,0.289375,0.5957683739999999,0.16875,0.21158129200000012
260.jpeg,none,0.63,0.20824053449999996,0.18,0.309576837
261.jpeg,none,0.49300000000000005,0.305280528,0.16600000000000012,0.25412541199999994
262.jpeg,none,0.5265438785000001,0.37637795249999995,0.251354279,0.40629921299999994
263.jpeg,none,0.5291666665,0.3027777775,0.20833333299999998,0.3388888890000001
264.jpeg,none,0.13125,0.3277777780000001,0.2375,0.3777777780000001
265.jpeg,none,0.375,0.2777777775,0.125,0.261111111
266.jpeg,none,0.875,0.35694444449999996,0.25,0.447222223
267.jpeg,none,0.16115702450000002,0.23720930199999998,0.190082645,0.33178294599999997
268.jpeg,none,0.3595041325,0.30077519350000004,0.1446280990000001,0.266666667
269.jpeg,none,0.518595041,0.21860465099999996,0.17975206600000002,0.3007751939999999
270.jpeg,none,0.6435950415,0.35271317799999996,0.16322314100000007,0.2775193799999999
271.jpeg,none,0.8579545454999999,0.3806201555,0.168388429,0.3271317830000001
272.jpeg,none,0.318618042,0.1922348485,0.318618042,0.301136363
273.jpeg,none,0.6084452975,0.6827651515,0.2802303269999999,0.2746212130000001
274.jpeg,none,0.332611051,0.3385698805,0.09534127800000002,0.09425785499999996
275.jpeg,none,0.8073347105,0.595049505,0.28822314099999996,0.584158416
276.jpeg,none,0.7865412445,0.18896484400000002,0.30246020299999987,0.290039062
277.jpeg,none,0.5184182015000001,0.1375,0.06608884100000013,0.1375
278.jpeg,none,0.14301191749999997,0.8302083335000001,0.078006501,0.21041666700000003
279.jpeg,none,0.8244853735000001,0.19479166650000002,0.06500541700000004,0.12708333300000002
280.jpeg,none,0.15926327199999998,0.27291666649999996,0.067172264,0.12083333300000001
281.jpeg,none,0.0698808235,0.15208333350000003,0.070422535,0.10833333300000002
282.jpeg,none,0.30227519,0.19999999999999996,0.056338027999999894,0.11249999999999998
283.jpeg,none,0.775731311,0.7354166664999999,0.060671722000000046,0.12916666700000012
284.jpeg,none,0.3802816905,0.2947916665,0.06500541699999994,0.10208333299999997
285.jpeg,none,0.7520661160000001,0.31317829500000005,0.08264462799999996,0.13023255799999997
286.jpeg,none,0.521694215,0.3131782945,0.057851239999999964,0.10232558099999996
287.jpeg,none,0.209710744,0.37209302350000006,0.10743801600000003,0.16434108499999997
288.jpeg,none,0.25309917350000005,0.568217054,0.074380165,0.08527131799999994
289.jpeg,none,0.46745867750000003,0.3428571425,0.18904958700000002,0.592857143
290.jpeg,none,0.163249211,0.35693215349999996,0.16246056800000003,0.40117994099999993
291.jpeg,none,0.34148265000000005,0.2581120945,0.159305994,0.463126843
292.jpeg,none,0.538643533,0.25663716849999996,0.1782334380000001,0.377581121
293.jpeg,none,0.6892744475000001,0.40117994100000004,0.11671924300000004,0.348082596
294.jpeg,none,0.84148265,0.3362831855,0.12460567800000023,0.38938053100000003
295.jpeg,none,0.731837607,0.4825174825,0.5320512819999998,0.951048951
296.jpeg,none,0.820977918,0.302798982,0.27917981000000003,0.54961832
297.jpeg,none,0.35333333299999997,0.16857142849999998,0.1,0.251428571
298.jpeg,none,0.685,0.39714285749999995,0.15666666599999984,0.2228571429999999
299.jpeg,none,0.8308270675000001,0.33623693400000004,0.12781954899999992,0.226480836
300.jpeg,none,0.40444214850000004,0.5091911764999999,0.534090909,0.9779411769999999
301.jpeg,none,0.38472222250000004,0.5077777775000001,0.134259259,0.11481481499999997
302.jpeg,none,0.3560185185,0.32888888899999996,0.14537037099999997,0.13925926
303.jpeg,none,0.6236111115,0.2896296295,0.08796296300000003,0.07851851899999997
304.jpeg,none,0.466666667,0.214814815,0.09629629600000009,0.08592592600000001
305.jpeg,none,0.675462963,0.1744444445,0.09537036999999991,0.095555555
306.jpeg,none,0.7685185185,0.512962963,0.16481481499999995,0.0985185180000001
307.jpeg,none,0.7470205849999999,0.2427745665,0.07475622999999984,0.13487475899999998
308.jpeg,none,0.17605633799999998,0.3275529865,0.057421452,0.09633911299999999
309.jpeg,none,0.436820652,0.27210884350000003,0.12364130399999997,0.2517006809999999
310.jpeg,none,0.6875,0.383503401,0.15489130399999998,0.19897959200000007
311.jpeg,none,0.40719063550000006,0.6247920135000001,0.10535117100000005,0.09151414299999996
312.jpeg,none,0.7591973245000001,0.624792013,0.07692307700000005,0.08153078199999994
313.jpeg,none,0.3076923075,0.13061564050000002,0.17725752500000003,0.20133111500000003
314.jpeg,none,0.83361204,0.2678868555,0.19230769200000003,0.19966722100000003
315.jpeg,none,0.5032502704999999,0.29359430599999997,0.07692307699999987,0.266903914
316.jpeg,none,0.491332611,0.2330827065,0.16793065999999993,0.22255639100000005
317.jpeg,none,0.38984375,0.34,0.2453125,0.415
318.jpeg,none,0.08359375,0.25125,0.0953125,0.1475
319.jpeg,none,0.703125,0.30875,0.059375,0.1175
320.jpeg,none,0.65234375,0.3075,0.0546875,0.13
321.jpeg,none,0.40743801649999994,0.154618474,0.3123966949999999,0.269076306
322.jpeg,none,0.24444444449999994,0.326555024,0.257142857,0.4712918660000001
323.jpeg,none,0.5984126985,0.4736842105,0.323809523,0.47368421099999997
324.jpeg,none,0.4985714285000001,0.4814814815,0.43142857100000004,0.867724867
325.jpeg,none,0.465872156,0.1715265865,0.04767064000000009,0.096054889
326.jpeg,none,0.6608884070000001,0.2409948545,0.04550379200000002,0.06689536899999998
327.jpeg,none,0.9079089924999998,0.269296741,0.060671723000000025,0.07547169800000002
328.jpeg,none,0.14030335849999997,0.34819897099999997,0.048754063,0.0720411659999999
329.jpeg,none,0.396694215,0.354338843,0.287190082,0.63016529
330.jpeg,none,0.110671937,0.362559242,0.09222661399999997,0.19431279599999998
331.jpeg,none,0.8524374175,0.517772512,0.17127799699999996,0.36255924200000006
332.jpeg,none,0.312911726,0.20971564,0.096179184,0.15876777200000003
333.jpeg,none,0.5658761525,0.5142180095000001,0.09354413700000008,0.17535545100000008
334.jpeg,none,0.386607143,0.2926829265,0.05892857199999994,0.130081301
335.jpeg,none,0.591964286,0.321138211,0.07321428600000002,0.16260162599999997
336.jpeg,none,0.3403010035,0.16765286000000004,0.18561872900000004,0.26429980200000003
337.jpeg,none,0.346153846,0.6755424065000001,0.15050167200000003,0.266272189
338.png,none,0.131040892,0.531818182,0.172862454,0.28787878799999994
339.png,none,0.24163568750000003,0.340909091,0.14126394100000003,0.3545454539999999
340.png,none,0.42379182149999994,0.33333333349999994,0.11524163499999998,0.3393939389999999
341.png,none,0.6617100374999999,0.371212121,0.15241635699999997,0.32424242400000003
342.png,none,0.8336431225,0.2015151515,0.139405205,0.263636363
343.jpeg,none,0.1688679245,0.2839285715,0.167924529,0.367857143
344.jpeg,none,0.43773584899999995,0.27857142850000005,0.18490566000000008,0.47857142900000005
345.jpeg,none,0.675471698,0.4946428575,0.17358490599999996,0.43214285700000005
346.jpeg,none,0.850943396,0.380357143,0.16603773600000013,0.39642857200000003
347.jpeg,none,0.658839779,0.13083333349999998,0.24585635399999992,0.17833333299999998
348.jpeg,none,0.28176795600000004,0.4225,0.19337016599999998,0.1283333340000001
349.jpeg,none,0.7085635359999999,0.4725,0.2071823199999999,0.1216666659999999
350.jpeg,none,0.6878453035,0.7841666665,0.23204419899999992,0.15833333299999994
351.jpeg,none,0.491304348,0.284749035,0.18043478200000002,0.27992278
352.jpeg,none,0.5947995665,0.3162601625,0.11267605700000005,0.193495935
353.jpeg,none,0.539230769,0.29999999999999993,0.16769230799999998,0.30555555599999995
354.jpeg,none,0.18905742150000002,0.286525974,0.09209100699999999,0.16720779200000005
355.jpeg,none,0.417659805,0.3790584415,0.06825568799999991,0.10227272700000001
356.jpeg,none,0.5325027085,0.205357143,0.07908992499999999,0.167207792
357.jpeg,none,0.7513542795,0.39853896099999997,0.08992416099999992,0.11525973999999994
358.jpeg,none,0.7031419285,0.6022727275,0.06500541700000008,0.09090909099999997
359.jpeg,none,0.8185265439999998,0.5316558445,0.06825568800000008,0.12824675300000007
360.jpeg,none,0.41304347799999996,0.18864468900000003,0.22826086999999992,0.19413919400000007
361.jpeg,none,0.342458678,0.22910216749999998,0.195247934,0.424148607
362.jpeg,none,0.5165289255000001,0.4713622295,0.15702479300000005,0.34210526300000005
363.jpeg,none,0.667871901,0.39628482949999994,0.16425619800000005,0.4736842109999999
364.png,none,0.5208877285,0.20179948550000001,0.07049608299999996,0.14138817499999998
365.jpeg,none,0.53,0.4183333329999999,0.37,0.69
366.png,none,0.5087209300000001,0.544354839,0.22674418600000004,0.5000000000000001
367.png,none,0.66627907,0.306451613,0.209302326,0.46370967800000007
368.jpeg,none,0.35862068950000003,0.5041436465,0.17011494300000002,0.3784530389999998
369.jpeg,none,0.164367816,0.7099447515,0.135632184,0.34806629899999997
370.jpeg,none,0.2608471075,0.375,0.12913223100000004,0.30882353
371.jpeg,none,0.5366735535,0.5431985295,0.10640495900000002,0.226102941
372.jpeg,none,0.7691115705,0.375919118,0.11880165300000001,0.2702205880000001
373.jpeg,none,0.1855555555,0.245,0.07333333299999999,0.163333334
374.jpeg,none,0.10555555549999998,0.4133333335,0.07777777699999999,0.11333333299999997
375.jpeg,none,0.30777777749999996,0.148333333,0.07333333299999996,0.13000000000000003
376.jpeg,none,0.4066666665,0.35166666649999995,0.07555555499999994,0.11666666699999993
377.jpeg,none,0.8,0.3066666665,0.07111111199999982,0.14666666699999997
378.png,none,0.563533058,0.6686390535,0.205578512,0.532544379
379.png,none,0.8001033055000001,0.667159763,0.2138429749999999,0.553254438
380.png,none,0.31456611549999997,0.25295858,0.14566115699999999,0.50591716
381.jpeg,none,0.5564705885,0.482578397,0.18588235299999992,0.31358885000000003
382.jpeg,none,0.6635294115,0.27177700350000006,0.09882352899999981,0.16376306700000004
383.jpeg,none,0.14117647049999998,0.49825784,0.08705882299999998,0.20209059200000012
384.jpeg,none,0.3729411765,0.39285714250000003,0.10117647100000006,0.16898954700000005
385.jpeg,none,0.452352941,0.33797909400000004,0.06705882400000004,0.13588850199999994
386.jpeg,none,0.8711764710000001,0.1881533105,0.0717647060000001,0.09407665500000001
387.jpeg,none,0.05764705900000001,0.36149825750000003,0.056470588000000016,0.09233449499999993
388.jpeg,none,0.13647058850000002,0.3353658535,0.06117647099999999,0.10278745700000004
389.jpeg,none,0.47237269750000005,0.36574870949999994,0.12134344499999995,0.22203098099999993
390.jpeg,none,0.42421875,0.2080838325,0.1546875,0.308383233
391.jpeg,none,0.62890625,0.5134730540000001,0.1234375,0.3203592820000001
392.jpeg,none,0.8640625,0.5763473055,0.2625,0.4580838330000001
393.jpeg,none,0.37978810100000004,0.265247411,0.09616951999999995,0.17376294599999997
394.jpeg,none,0.31499592499999995,0.46490218599999994,0.08394457999999998,0.16340621399999997
395.jpeg,none,0.553382233,0.440161105,0.08149959199999994,0.17146145000000002
396.jpeg,none,0.6336593315,0.22266973500000004,0.08068459700000002,0.18527042600000004
397.jpeg,none,0.7563162185,0.329689298,0.060309698999999946,0.14384349800000004
398.jpeg,none,0.48550724650000004,0.527251185,0.19367588900000002,0.39099526
399.jpeg,none,0.49674972900000003,0.25288461549999997,0.107258938,0.21346153899999998
400.jpeg,none,0.8678223184999999,0.5711538460000001,0.07583965300000012,0.1615384620000001
401.jpeg,none,0.2962510185,0.29189944149999997,0.20782396099999995,0.477653631
402.jpeg,none,0.5419722905,0.5251396645,0.161369193,0.284916201
403.jpeg,none,0.7277913610000001,0.8198324025,0.12061939600000002,0.2737430169999999
404.jpeg,none,0.34832069349999994,0.5512333965,0.24810400899999996,0.4952561670000001
405.jpeg,none,0.568255688,0.7514231500000002,0.213434452,0.371916508
406.jpeg,none,0.238888889,0.1446153845,0.144444444,0.06307692300000001
407.jpeg,none,0.6928571429999999,0.194615385,0.17936508000000007,0.08615384600000003
408.jpeg,none,0.545238095,0.4753846155,0.36349206400000006,0.1646153850000001
409.jpeg,none,0.637301587,0.736923077,0.22380952400000007,0.1507692300000001
410.jpeg,none,0.5087890625,0.355785838,0.259765625,0.621761658
411.jpeg,none,0.12375,0.393333333,0.0725,0.34222222199999996
412.jpeg,none,0.18875,0.7377777775,0.0825,0.24888888899999997
413.jpeg,none,0.263125,0.5266666665,0.07875,0.324444445
414.jpeg,none,0.431875,0.5022222224999999,0.05125,0.21333333299999993
415.jpeg,none,0.4925,0.37333333350000003,0.052500000000000074,0.23111111099999995
416.jpeg,none,0.474375,0.771111111,0.05875,0.18222222199999996
417.jpeg,none,0.611875,0.5733333335,0.04375,0.16888888899999996
418.jpeg,none,0.613125,0.16444444449999998,0.04625,0.17777777700000003
419.jpeg,none,0.795625,0.18444444449999997,0.05625,0.288888889
420.jpeg,none,0.878125,0.797777778,0.06625,0.26222222200000006
421.jpeg,none,0.904375,0.1355555555,0.07875,0.253333333
422.jpeg,none,0.10278925650000001,0.34375,0.10227272700000002,0.21323529400000005
423.jpeg,none,0.1859504135,0.21323529400000002,0.051652893000000005,0.139705882
424.jpeg,none,0.306301653,0.20404411749999998,0.05888429800000008,0.13235294099999997
425.jpeg,none,0.44163223099999993,0.109375,0.05475206600000006,0.15992647
426.jpeg,none,0.514979339,0.090992647,0.05268594999999993,0.145220588
427.jpeg,none,0.5692148764999999,0.11948529400000002,0.035123966999999943,0.08455882400000002
428.jpeg,none,0.6983471075,0.11764705900000001,0.05371900899999993,0.113970588
429.jpeg,none,0.8305785120000001,0.22794117649999998,0.05578512400000015,0.10294117699999998
430.jpeg,none,0.9462809915000001,0.4816176469999999,0.07438016499999994,0.1874999999999999
431.jpeg,none,0.28977272699999995,0.2794117645,0.292355372,0.3933823530000001
432.jpeg,none,0.28438949,0.2611386135,0.09273570399999997,0.22524752499999998
433.jpeg,none,0.7457496135,0.3886138615,0.10973724899999998,0.22277227700000002
434.jpeg,none,0.2125,0.32999999999999996,0.24666666599999998,0.4699999999999999
435.jpeg,none,0.6891666670000001,0.27833333350000006,0.1800000000000001,0.43333333300000004
436.jpeg,none,0.58828125,0.3512880565,0.3453125,0.543325527
437.jpeg,none,0.104855372,0.31240310050000003,0.15599173600000002,0.379844961
438.jpeg,none,0.25,0.545736434,0.17768594999999995,0.2759689920000001
439.jpeg,none,0.42303719,0.3449612405,0.15392561999999999,0.358139535
440.jpeg,none,0.5681818180000001,0.44883720949999995,0.14049586800000005,0.3054263569999999
441.jpeg,none,0.6854338844999999,0.30620155,0.16219008299999998,0.33023255799999995
442.jpeg,none,0.8806818179999999,0.2984496125,0.1415289259999999,0.34883720900000004
443.jpeg,none,0.267605634,0.323124043,0.06283857000000001,0.101071976
444.jpeg,none,0.37648970750000005,0.25344563600000003,0.0747562290000001,0.078101072
445.jpeg,none,0.4902491875,0.4624808575,0.06175514700000001,0.088820827
446.jpeg,none,0.5980498375000001,0.481623277,0.069339111,0.07810107199999997
447.jpeg,none,0.7302275189999999,0.389739663,0.0671722640000001,0.08422664600000003
448.jpeg,none,0.402857143,0.2842857140000001,0.18571428599999998,0.4142857140000001
449.jpeg,none,0.6964285714999999,0.22285714300000004,0.17285714299999996,0.36571428600000006
450.jpeg,none,0.27634297550000003,0.411434978,0.21797520700000003,0.2690582959999999
451.jpeg,none,0.5630165290000001,0.41704035899999997,0.20247933799999998,0.260089686
452.jpeg,none,0.340625,0.12279597,0.115625,0.11209068
453.jpeg,none,0.38359375,0.4382871535,0.1078125,0.10075566700000006
454.jpeg,none,0.6484375,0.7739294710000001,0.115625,0.10705289600000008
455.jpeg,none,0.48516949150000005,0.084832905,0.12288135499999998,0.09768637599999998
456.jpeg,none,0.440677966,0.3650385605,0.17796610200000001,0.14395886899999993
457.jpeg,none,0.718220339,0.34832904899999995,0.12288135600000001,0.06940874000000001
458.jpeg,none,0.5169491525,0.5899742935,0.211864407,0.14652956300000003
459.jpeg,none,0.7923728809999999,0.6323907455,0.186440678,0.10796915100000001
460.jpeg,none,0.5296610169999999,0.8508997430000002,0.18644067800000005,0.11825192800000008
461.jpeg,none,0.6419753085,0.11,0.29629629700000004,0.18666666599999998
462.jpeg,none,0.1179698215,0.1575,0.093278463,0.285
463.jpeg,none,0.400548697,0.1425,0.07956104199999993,0.23
464.jpeg,none,0.7482853220000001,0.24625,0.14951989000000002,0.3425
465.jpeg,none,0.563,0.1275,0.094,0.255
466.jpeg,none,0.652,0.2775,0.064,0.215
467.jpeg,none,0.4756229685,0.2843137255,0.08234019499999995,0.13398692899999998
468.jpeg,none,0.39020270300000004,0.22125,0.19932432399999997,0.3175
469.jpeg,none,0.7373310809999999,0.28375,0.18074324399999997,0.2975
470.jpeg,none,0.6554712895,0.48701298699999995,0.08234019500000007,0.17748917800000005
471.jpeg,none,0.523293608,0.6255411255,0.06933911200000002,0.19480519500000004
472.jpeg,none,0.25297941500000004,0.8051948050000001,0.09209100799999999,0.16450216400000006
473.jpeg,none,0.897616468,0.8095238095,0.09425785400000004,0.1601731609999998
474.jpeg,none,0.1256771395,0.193722944,0.093174431,0.188311688
475.jpeg,none,0.2789815815,0.2196969695,0.09425785499999999,0.17099567100000002
476.jpeg,none,0.41495124600000005,0.2586580085,0.10184182000000007,0.19264069300000003
477.jpeg,none,0.7004333695,0.2738095235,0.07258938300000012,0.19264069300000006
478.jpeg,none,0.797941495,0.3095238095,0.096424702,0.19047619099999996
479.jpeg,none,0.4888,0.137715931,0.1232,0.09117082599999997
480.jpeg,none,0.6272,0.4942418425000001,0.1472,0.12667946299999994
481.jpeg,none,0.5456,0.7999040305,0.16,0.11612284100000012
482.jpeg,none,0.101041667,0.4125,0.15625,0.375
483.jpeg,none,0.3333333335,0.3805555555,0.09166666700000002,0.161111111
484.jpeg,none,0.7052083335,0.33333333300000006,0.13541666700000002,0.27777777800000003
485.jpeg,none,0.9145833335,0.3180555555,0.16666666700000002,0.29166666700000005
486.jpeg,none,0.2534722225,0.10069444450000001,0.17013888900000004,0.159722223
487.jpeg,none,0.44184027800000003,0.0861111115,0.11284722199999998,0.11388888900000001
488.jpeg,none,0.4157986115,0.407638889,0.12673611100000004,0.11250000000000004
489.jpeg,none,0.234375,0.41666666700000005,0.149305556,0.15277777800000006
490.jpeg,none,0.25347222199999997,0.795138889,0.149305556,0.15972222200000014
491.jpeg,none,0.3993055555,0.7805555555,0.10069444500000005,0.11944444499999997
492.jpeg,none,0.17431640650000002,0.21010248900000003,0.09472656300000001,0.218155198
493.jpeg,none,0.2714843755,0.3272327965,0.08398437499999997,0.14787701299999995
494.jpeg,none,0.3950195315,0.41142020499999993,0.08886718700000001,0.15226939999999997
495.jpeg,none,0.4716796875,0.3060029285,0.064453125,0.19326500700000007
496.jpeg,none,0.659667969,0.18740849200000004,0.11621093799999993,0.204978038
497.jpeg,none,0.8173828129999999,0.1881405565,0.1015625,0.22108345499999998
498.jpeg,none,0.9360351565,0.343338214,0.06542968700000007,0.14202049799999997
499.jpeg,none,0.2939049585,0.1785714285,0.15805785099999994,0.341836735
500.jpeg,none,0.16838842999999998,0.5255102039999999,0.126033058,0.239795918
501.jpeg,none,0.6761363635,0.275510204,0.19938016499999986,0.36734693799999996
502.jpeg,none,0.4588709675,0.374324324,0.298387097,0.737837838
503.jpeg,none,0.7903225805,0.3972972974999999,0.31935483899999995,0.7567567569999999
504.jpeg,none,0.193103448,0.28467908900000005,0.13517241400000002,0.31677018600000006
505.jpeg,none,0.35379310349999993,0.3322981365,0.11448275899999999,0.27536231899999997
506.jpeg,none,0.5393103444999999,0.3685300205,0.157241379,0.22360248499999993
507.jpeg,none,0.7462068964999999,0.2691511385,0.16275862100000002,0.339544513
508.jpeg,none,0.141928494,0.35456110150000003,0.06500541800000001,0.10671256500000002
509.jpeg,none,0.48374864599999995,0.43545611,0.06175514599999998,0.08950086000000002
510.jpeg,none,0.810942579,0.127366609,0.06825568799999991,0.12048192800000002
511.jpeg,none,0.21352893249999996,0.4944987775,0.22493887499999995,0.404645477
512.jpeg,none,0.399755501,0.15647921750000002,0.12958435200000004,0.273838631
513.jpeg,none,0.5631621845,0.19437652800000002,0.16136919300000008,0.261613692
514.jpeg,none,0.6784841079999999,0.5531784845,0.21760391199999995,0.424205379
515.jpeg,none,0.227,0.42970822299999994,0.21,0.291777188
516.jpeg,none,0.416,0.216180371,0.208,0.39522546399999997
517.jpeg,none,0.553,0.33952254649999997,0.134,0.29177718899999994
518.jpeg,none,0.728,0.2877984085,0.196,0.347480107
519.jpeg,none,0.194915254,0.4728571429999999,0.16271186399999998,0.425714286
520.jpeg,none,0.45,0.49428571399999993,0.215254238,0.4057142859999999
521.jpeg,none,0.7135593219999999,0.41142857149999995,0.352542372,0.714285715
522.jpeg,none,0.165222102,0.3154471545,0.109425786,0.19512195099999996
523.jpeg,none,0.35969664149999997,0.2829268295,0.09750812499999997,0.18211382100000006
524.jpeg,none,0.47291440949999997,0.353658537,0.08775731299999998,0.1382113819999999
525.jpeg,none,0.7881906825,0.4195121955,0.11592632699999982,0.16910569100000006
526.jpeg,none,0.636511376,0.44715447150000004,0.08775731399999992,0.13008130100000007
527.jpeg,none,0.8943661970000001,0.481300813,0.10942578599999994,0.15934959399999998
528.jpeg,none,0.16684723750000002,0.33849557550000003,0.15167930700000004,0.296460177
529.jpeg,none,0.309317443,0.42699115049999997,0.100758396,0.1991150449999999
530.jpeg,none,0.47508125700000003,0.4513274335,0.11809317400000002,0.2123893810000001
531.jpeg,none,0.8125677139999999,0.365044248,0.13867822399999977,0.336283186
532.jpeg,none,0.30555555549999996,0.1834319525,0.15686274499999991,0.26035502899999996
533.jpeg,none,0.306372549,0.5828402370000001,0.13888888799999996,0.40828402399999997
534.jpeg,none,0.5620915034999999,0.49704142,0.16993464100000005,0.349112426
535.jpeg,none,0.7875816995,0.600591716,0.17320261500000003,0.34911242600000014
536.jpeg,none,0.3394458025,0.38814180900000006,0.144254279,0.34352078199999997
537.jpeg,none,0.489812551,0.41198044000000006,0.10105949399999997,0.22004890000000005
538.jpeg,none,0.5920945400000001,0.328850856,0.10839445799999992,0.24205379
539.jpeg,none,0.7477587609999999,0.45048899750000004,0.1801141,0.3386308070000001
540.jpeg,none,0.3169831225,0.287974684,0.09599156099999998,0.164556962
541.jpeg,none,0.5036919835,0.262658228,0.12130801700000009,0.193037974
542.jpeg,none,0.6956751055000001,0.5268987339999999,0.08966244699999996,0.12658227799999996
543.jpeg,none,0.846518987,0.4382911394999999,0.09177215200000013,0.14240506299999997
544.jpeg,none,0.2556603775,0.375399361,0.269811321,0.5527156539999999
545.jpeg,none,0.7735849055,0.33386581499999995,0.222641509,0.533546326
546.jpeg,none,0.501408451,0.42161016900000003,0.1633802820000001,0.25000000000000006
547.jpeg,none,0.45449620799999996,0.19408369450000001,0.06608883999999995,0.111111111
548.jpeg,none,0.154442149,0.27499999999999997,0.09607437999999997,0.09716981200000001
549.jpeg,none,0.30785124,0.283018868,0.08471074399999998,0.09056603800000003
550.jpeg,none,0.5717975209999999,0.2929245285,0.08161156999999991,0.11415094299999996
551.jpeg,none,0.782541322,0.283018868,0.06921487600000001,0.09811320799999997
552.jpeg,none,0.26287878800000003,0.3648989895,0.101515152,0.13888888899999996
553.jpeg,none,0.412121212,0.3472222220000001,0.12727272800000006,0.20959596000000008
554.jpeg,none,0.5363636365000001,0.37752525249999996,0.10909090899999993,0.17929292900000002
555.jpeg,none,0.709090909,0.42676767699999996,0.10606060600000004,0.1515151519999999
556.jpeg,none,0.491666667,0.4703703705,0.375,0.7037037030000001
557.jpeg,none,0.5265625,0.29722222249999997,0.134375,0.21666666700000006
558.jpeg,none,0.22604166650000002,0.537037037,0.38541666700000005,0.5218855219999999
559.jpeg,none,0.33802816900000004,0.331707317,0.145178764,0.250406504
560.jpeg,none,0.47887323949999994,0.33089430899999994,0.11484290300000004,0.18373983799999996
561.jpeg,none,0.4041170095,0.639837398,0.10400866699999993,0.21300812999999996
562.jpeg,none,0.5996749730000001,0.7455284550000001,0.16143011999999995,0.24878048800000002
563.jpeg,none,0.5540540540000001,0.389189189,0.0738738739999999,0.091891892
564.jpeg,none,0.2225225225,0.1054054055,0.06666666700000004,0.09729729699999999
565.jpeg,none,0.4414414415,0.308108108,0.0684684689999999,0.08648648600000004
566.jpeg,none,0.781081081,0.4,0.07027027,0.09729729800000002
567.jpeg,none,0.708791209,0.10447761200000001,0.2197802200000001,0.156716418
568.jpeg,none,0.28296703300000003,0.25373134300000005,0.22527472600000006,0.12686567199999998
569.jpeg,none,0.23611111099999998,0.21280276850000002,0.298148148,0.22145328700000003
570.jpeg,none,0.75,0.15916955000000002,0.19629629599999976,0.22837370200000004
571.jpeg,none,0.2064814815,0.6920415225000001,0.16851851900000006,0.186851211
572.jpeg,none,0.778703704,0.6634948095000001,0.2018518520000001,0.22664359900000006
573.jpeg,none,0.7314814815,0.14426633749999998,0.2777777769999999,0.23921085099999997
574.jpeg,none,0.26296296300000005,0.424784217,0.20740740800000004,0.14919852
575.jpeg,none,0.6574074074999999,0.5006165224999999,0.1888888890000001,0.13316892700000005
576.jpeg,none,0.3314814815,0.7762022194999999,0.18148148100000003,0.16399506699999997
577.jpeg,none,0.6490740740000001,0.835388409,0.20555555599999994,0.12453760799999998
578.png,none,0.35322580649999996,0.33419023100000006,0.15161290299999997,0.23650385600000004
579.png,none,0.170967742,0.411311054,0.10967741999999998,0.185089974
580.png,none,0.529032258,0.4177377895,0.103225806,0.20308483300000002
581.png,none,0.8483870965,0.789203085,0.07741935500000004,0.12339331600000002
582.png,none,0.8620967745000001,0.4254498715,0.06935483900000004,0.10539845700000003
583.jpeg,none,0.5650054170000001,0.147727273,0.05525460400000004,0.103896104
584.jpeg,none,0.24702058500000001,0.5357142855,0.047670640000000014,0.11688311700000004
585.jpeg,none,0.525,0.165,0.32619047599999984,0.19
586.jpeg,none,0.41190476200000004,0.8164285714999999,0.23333333400000003,0.17285714299999996
587.jpeg,none,0.478,0.2295918365,0.292,0.316326531
588.jpeg,none,0.573,0.6904761905,0.334,0.340136055
589.jpeg,none,0.19174311950000003,0.22755905499999998,0.16697247700000006,0.17795275600000005
590.jpeg,none,0.3302752295,0.1732283465,0.15045871500000005,0.16062992099999998
591.jpeg,none,0.8596330275,0.211023622,0.1559633030000002,0.248818898
592.jpeg,none,0.666972477,0.662992126,0.22201834799999992,0.22992125999999985
593.jpeg,none,0.298611111,0.30756578949999996,0.3055555559999999,0.5032894729999999
594.jpeg,none,0.6048553715,0.323529412,0.17252066100000008,0.29779411799999994
595.jpeg,none,0.3719008265,0.3272058825,0.11983471100000002,0.20220588299999998
596.jpeg,none,0.21953125,0.35625,0.0734375,0.1
597.jpeg,none,0.43984375,0.38333333350000004,0.0640625,0.08333333299999997
598.jpeg,none,0.18000000000000005,0.584375,0.2615384620000001,0.55625
599.jpeg,none,0.397616468,0.3240901215,0.12351029199999995,0.26689774699999996
600.jpeg,none,0.925785482,0.306759099,0.11809317400000008,0.32582322399999997
601.jpeg,none,0.3927083335,0.2571884985000001,0.16458333300000003,0.38019169300000005
602.jpeg,none,0.690625,0.3434504795,0.18541666599999995,0.30990415299999996
603.jpeg,none,0.31581798450000004,0.339837398,0.08775731300000007,0.21138211399999995
604.jpeg,none,0.5460455035,0.33902438999999995,0.05850487499999997,0.21300812999999996
605.jpeg,none,0.4741935485000001,0.310606061,0.13870967700000011,0.3
606.jpeg,none,0.1771694215,0.5333333335,0.09607438100000003,0.11782945700000005
607.jpeg,none,0.36776859500000003,0.42403100800000004,0.11363636400000003,0.16279069800000007
608.jpeg,none,0.487086777,0.306976744,0.071280992,0.13643410799999997
609.jpeg,none,0.5857438015,0.3713178295,0.06404958700000009,0.134883721
610.jpeg,none,0.7391528924999999,0.3465116275,0.06508264500000009,0.10387596900000001
611.jpeg,none,0.8548553715,0.5286821705,0.07541322299999997,0.136434109
612.jpeg,none,0.1125,0.199,0.119,0.266
613.jpeg,none,0.226,0.159,0.092,0.238
614.jpeg,none,0.4895,0.215,0.14499999999999993,0.298
615.jpeg,none,0.7184999999999999,0.206,0.085,0.212
616.jpeg,none,0.952,0.195,0.09400000000000011,0.274
617.jpeg,none,0.19893617049999998,0.37833333350000004,0.204255319,0.4566666670000001
618.jpeg,none,0.41542553200000004,0.295,0.19680851000000005,0.37333333400000007
619.jpeg,none,0.604255319,0.37166666649999996,0.13829787199999996,0.2933333329999999
620.jpeg,none,0.7835106385,0.43333333350000003,0.17553191499999996,0.3266666670000001
621.jpeg,none,0.2296875,0.244642857,0.103125,0.289285714
622.jpeg,none,0.37890625,0.533928571,0.0703125,0.17500000000000004
623.jpeg,none,0.56640625,0.1267857145,0.0859375,0.19642857100000002
624.jpeg,none,0.6796875,0.426785714,0.0625,0.225
625.jpeg,none,0.8234375,0.1625,0.065625,0.20357142800000003
626.jpeg,none,0.6416666665,0.36388888899999994,0.22083333299999997,0.4222222219999999
627.jpeg,none,0.809375,0.5680555555000001,0.14791666599999995,0.19166666699999996
628.jpeg,none,0.6979166665,0.6319444445000001,0.06666666700000003,0.08611111100000007
629.jpeg,none,0.606717226,0.29865771799999996,0.07367280599999994,0.19015659999999995
630.jpeg,none,0.8055254605000001,0.38926174500000005,0.08342361900000002,0.22818792000000007
631.jpeg,none,0.7340195015000001,0.275167785,0.0639219930000001,0.13422818799999997
632.jpeg,none,0.5048754059999999,0.1689038035,0.06717226399999994,0.149888143
633.jpeg,none,0.333152763,0.168903803,0.09209100799999999,0.194630872
634.jpeg,none,0.210725894,0.2953020135,0.08342361799999998,0.152125279
635.jpeg,none,0.1468039005,0.345637584,0.070422535,0.14093959799999997
636.jpeg,none,0.233,0.48965517249999996,0.186,0.3103448270000001
637.jpeg,none,0.715,0.17413793100000002,0.1859999999999999,0.29310344800000004
638.jpeg,none,0.7660123970000001,0.3262867645,0.22417355400000014,0.340073529
639.jpeg,none,0.541322314,0.6590073529999999,0.128099174,0.22977941200000004
640.jpeg,none,0.20608695650000003,0.34935064950000005,0.189565217,0.42337662300000006
641.jpeg,none,0.41565217400000004,0.4025974025,0.170434782,0.48311688300000005
642.jpeg,none,0.6356521740000001,0.4779220779999999,0.22434782599999994,0.4259740259999999
643.jpeg,none,0.8252173909999999,0.42987013,0.24869565200000007,0.43376623400000003
644.jpeg,none,0.278125,0.497222222,0.16041666599999999,0.32222222199999995
645.jpeg,none,0.634375,0.41666666649999995,0.10208333400000005,0.133333333
646.jpeg,none,0.8677083335,0.426388889,0.11041666700000002,0.15277777800000006
647.jpeg,none,0.746875,0.40555555549999994,0.13958333400000006,0.21666666699999995
648.jpeg,none,0.355208333,0.4486111115,0.11874999999999994,0.18611111100000008
649.jpeg,none,0.5677083335,0.43055555549999996,0.335416667,0.505555555
650.jpeg,none,0.5354166665,0.3444444445,0.09166666700000002,0.13333333299999997
651.jpeg,none,0.3489583335,0.433333333,0.12291666700000002,0.17777777800000003
652.jpeg,none,0.403125,0.45555555549999993,0.2895833340000001,0.411111111
653.jpeg,none,0.3333333335,0.27222222199999996,0.12083333299999997,0.15555555599999996
654.jpeg,none,0.097916667,0.29027777799999993,0.125,0.19722222199999995
655.jpeg,none,0.8520833329999999,0.3,0.125,0.16111111200000003
656.jpeg,none,0.5822916665,0.4722222225,0.43958333299999997,0.638888889
657.jpeg,none,0.45601851900000007,0.39140625,0.1875,0.1359375
658.jpeg,none,0.7586805555,0.176953125,0.26273148099999993,0.16484375
659.jpeg,none,0.506451613,0.243,0.10967741999999993,0.246
660.jpeg,none,0.735,0.6233333335,0.19333333400000005,0.38666666699999996
661.jpeg,none,0.373333333,0.408333333,0.18999999999999992,0.55
662.jpeg,none,0.5216666665,0.34833333350000006,0.06666666700000007,0.136666667
663.jpeg,none,0.6616666664999998,0.11666666650000002,0.06666666699999999,0.153333333
664.jpeg,none,0.955,0.18666666650000002,0.07666666599999986,0.166666667
665.jpeg,none,0.5579166665,0.3806646525,0.19583333300000003,0.43202416899999996
666.jpeg,none,0.3816666665,0.331570997,0.14833333299999993,0.62386707
667.jpeg,none,0.2960317465,0.3813559325,0.48095238100000004,0.661016949
668.jpeg,none,0.6190476189999999,0.3283898305,0.3174603179999999,0.648305085
669.png,none,0.5306930695,0.4393139844999999,0.3366336629999999,0.5356200529999999
670.jpeg,none,0.46875,0.42708333349999994,0.36805555599999995,0.25925925899999996
671.jpeg,none,0.2458333335,0.641782407,0.363888889,0.269675926
672.jpeg,none,0.3678223185,0.2876447875,0.08125677100000005,0.30115830099999996
673.jpeg,none,0.3291666665,0.229477612,0.39166666699999997,0.302238806
674.jpeg,none,0.6798483205,0.327720207,0.11159263300000008,0.256476684
675.jpeg,none,0.5763813649999999,0.779792746,0.10834236199999997,0.24352331600000005
676.jpeg,none,0.3277356445,0.7409326425000001,0.11592632699999993,0.24870466300000008
677.jpeg,none,0.442578548,0.6502590675000001,0.10725893800000005,0.253886011
678.jpeg,none,0.22068965499999998,0.27799227800000004,0.20229885000000003,0.181467182
679.jpeg,none,0.5666666665,0.38416988449999995,0.158620689,0.13127413100000004
680.jpeg,none,0.1283333335,0.186758893,0.17888888900000002,0.330039526
681.jpeg,none,0.5094444445,0.3320158105,0.12777777699999995,0.30039525699999997
682.jpeg,none,0.8844444444999999,0.320158103,0.1866666669999999,0.4268774699999999
683.jpeg,none,0.726111111,0.281620553,0.0655555560000001,0.21541501999999993
684.jpeg,none,0.63,0.2559288535,0.04444444400000003,0.12450592900000003
685.jpeg,none,0.023333333499999998,0.1057312255,0.028888888999999994,0.164031621
686.jpeg,none,0.5838888890000001,0.35600000000000004,0.22555555599999996,0.4320000000000001
687.jpeg,none,0.8155555554999999,0.371,0.20444444499999995,0.37
688.jpeg,none,0.2758264465,0.27272727300000005,0.17148760300000002,0.4586776860000001
689.jpeg,none,0.7887396695000001,0.25103305800000003,0.14359504099999987,0.357438016
690.jpeg,none,0.39411157,0.25919117649999995,0.09607437999999995,0.2205882349999999
691.jpeg,none,0.6503099175,0.1268382355,0.14566115699999999,0.22794117699999997
692.jpeg,none,0.179034158,0.2539823005,0.131919906,0.20353982299999998
693.jpeg,none,0.3339222615,0.21150442500000002,0.11425206100000002,0.20707964600000003
694.jpeg,none,0.45170789149999996,0.20619469,0.07656065899999998,0.16460177
695.jpeg,none,0.5559481745,0.3371681415,0.10365135499999997,0.16106194699999998
696.jpeg,none,0.6542991755,0.307964602,0.08833922300000008,0.205309734
697.jpeg,none,0.803886926,0.2867256635,0.09305064799999999,0.19115044299999998
698.jpeg,none,0.5322580645,0.5293333335,0.2516129030000001,0.5413333330000001
699.jpeg,none,0.4445652175000001,0.4891304345,0.5021739130000001,0.8985507250000001
700.jpeg,none,0.5201612904999999,0.295,0.18225806500000002,0.37
701.jpeg,none,0.3203125,0.34514925350000003,0.09375,0.25746268699999997
702.jpeg,none,0.5078125,0.23320895550000004,0.078125,0.24253731300000006
703.jpeg,none,0.65859375,0.3675373135,0.1234375,0.2574626870000001
704.jpeg,none,0.81015625,0.35820895550000004,0.1046875,0.2537313430000001
705.jpeg,none,0.23666666649999996,0.294117647,0.23333333299999998,0.4803921559999999
706.jpeg,none,0.6283333335000001,0.4411764705,0.2233333329999999,0.47058823499999997
707.png,none,0.5129870129999999,0.285,0.08051948000000003,0.175
708.png,none,0.638961039,0.38375,0.05974026000000006,0.2925
709.png,none,0.2824675325,0.3275,0.09480519500000001,0.295
710.jpeg,none,0.3583984375,0.234375,0.236328125,0.44097222199999997
711.jpeg,none,0.6148429035,0.26948051949999996,0.10509209099999997,0.21428571500000004
712.jpeg,none,0.089876033,0.5888429755000001,0.09710743799999999,0.202479339
713.jpeg,none,0.24690082600000002,0.32747933900000004,0.09710743800000003,0.208677686
714.jpeg,none,0.44369834699999994,0.18285124000000003,0.09400826399999991,0.23760330600000001
715.jpeg,none,0.525309917,0.234504132,0.06921487600000002,0.167355372
716.jpeg,none,0.680785124,0.14979338849999996,0.109504132,0.28305785099999997
717.jpeg,none,0.7892561985,0.18491735550000002,0.10330578500000005,0.27066115700000004
718.jpeg,none,0.1444444445,0.3,0.09444444499999999,0.19012345599999997
719.jpeg,none,0.45972222250000006,0.23703703699999998,0.05833333299999997,0.12345679000000001
720.jpeg,none,0.5717665614999999,0.389534884,0.06151419499999999,0.15697674400000003
721.jpeg,none,0.5492957745,0.21103896099999997,0.08884073699999995,0.16233766199999997
722.jpeg,none,0.232936078,0.22240259750000002,0.075839654,0.12662337700000004
723.png,none,0.22634271049999996,0.3505338075,0.27365728899999997,0.615658363
724.png,none,0.5319693095,0.3540925265,0.21994884899999995,0.3950177929999999
725.png,none,0.8388746800000001,0.41459074749999997,0.31713554999999993,0.523131673
726.jpeg,none,0.41,0.3925,0.26666666600000005,0.525
727.jpeg,none,0.7033333335000002,0.38,0.213333333,0.52
728.png,none,0.89,0.32571428550000003,0.198461538,0.5028571430000001
729.png,none,0.48153846150000007,0.2885714285,0.22153846099999996,0.42857142899999995
730.png,none,0.22230769250000001,0.26,0.136923077,0.21714285800000002
731.png,none,0.063076923,0.21142857099999998,0.098461538,0.24
732.jpeg,none,0.06112469449999999,0.31484502449999996,0.07497962499999998,0.13703099500000004
733.jpeg,none,0.20334148350000003,0.163132137,0.05134474299999999,0.150081566
734.jpeg,none,0.463732681,0.26672104399999996,0.12876935600000003,0.331158238
735.jpeg,none,0.7872860635000001,0.165579119,0.05704971499999995,0.17128874400000002
736.jpeg,none,0.881418093,0.4257748775,0.041564791999999975,0.091353997
737.jpeg,none,0.9832925834999999,0.2960848285,0.026894865000000056,0.132137031
738.jpeg,none,0.138787879,0.6483333335,0.07393939400000003,0.21666666700000006
739.jpeg,none,0.25878787900000005,0.26166666699999996,0.07151515200000001,0.25000000000000006
740.jpeg,none,0.32363636349999997,0.615,0.07272727300000001,0.22333333400000016
741.jpeg,none,0.513939394,0.5416666665,0.077575758,0.2233333329999999
742.jpeg,none,0.6393939395,0.5716666665000001,0.06424242499999998,0.22333333300000002
743.jpeg,none,0.7303030305,0.535,0.08121212100000004,0.2233333340000001
744.jpeg,none,0.663636364,0.2516666665,0.07393939399999977,0.196666667
745.jpeg,none,0.456095041,0.230232558,0.11053719000000001,0.19069767400000004
746.jpeg,none,0.485625,0.856666667,0.11624999999999992,0.1600000000000001
747.jpeg,none,0.77875,0.635,0.1325,0.14666666600000003
748.jpeg,none,0.196875,0.4016666670000001,0.09625,0.13000000000000006
749.jpeg,none,0.82375,0.4058333329999999,0.0775,0.12499999999999996
750.jpeg,none,0.46658516699999997,0.4876811595,0.21434392800000004,0.4536231890000001
751.jpeg,none,0.49959250199999994,0.3999999999999999,0.363488182,0.7594202899999999
752.jpeg,none,0.39445802799999996,0.4949275365,0.3651181739999999,0.662318841
753.jpeg,none,0.2952329365,0.27552986500000004,0.13326110500000002,0.265895954
754.jpeg,none,0.39411157,0.36856617649999995,0.18078512399999996,0.4393382349999999
755.jpeg,none,0.35433884299999996,0.2463235295,0.175619834,0.319852941
756.jpeg,none,0.561983471,0.30514705899999994,0.10537189999999992,0.25367646999999993
757.jpeg,none,0.73088843,0.39522058849999997,0.18285123999999991,0.31985294099999995
758.jpeg,none,0.24979625100000002,0.390625,0.09209453999999999,0.1640625
759.jpeg,none,0.3626731865,0.4736328125,0.114099429,0.259765625
760.jpeg,none,0.5806845965,0.33203125,0.11165444100000003,0.28125
761.jpeg,none,0.2407024795,0.3602941175,0.148760331,0.253676471
762.jpeg,none,0.589359504,0.4329044115,0.17045454599999998,0.27757352899999993
763.jpeg,none,0.833161157,0.3501838235,0.27582644599999995,0.358455883
764.jpeg,none,0.6294691225,0.36199421950000005,0.08234019499999998,0.169075145
765.jpeg,none,0.30335861350000004,0.41763005799999997,0.071505959,0.19653179199999993
766.jpeg,none,0.502166847,0.5732177265,0.120260022,0.22928709100000003
767.jpeg,none,0.3791982665,0.5789980730000001,0.18201516699999995,0.26396917200000003
768.jpeg,none,0.631094258,0.32851637750000007,0.17659804999999995,0.40269749500000007
769.jpeg,none,0.693698347,0.35845588199999995,0.05888429799999999,0.09926470600000002
770.jpeg,none,0.48863636350000006,0.31709558800000004,0.049586777000000026,0.11580882399999999
771.jpeg,none,0.148760331,0.20330578500000002,0.123966942,0.21818181799999997
772.jpeg,none,0.402376033,0.38595041350000003,0.19111570199999997,0.3487603309999999
773.jpeg,none,0.590392562,0.40661157000000003,0.14772727200000002,0.294214876
774.jpeg,none,0.7334710744999999,0.2363636365,0.105371901,0.24793388499999996
775.jpeg,none,0.922004132,0.34958677699999996,0.12293388400000023,0.239669422
776.jpeg,none,0.43228602400000005,0.311175337,0.09100758400000002,0.22157996200000002
777.jpeg,none,0.5227518959999999,0.7408477844999999,0.10292524399999996,0.17533718699999998
778.jpeg,none,0.2029958675,0.45036764700000004,0.18491735500000003,0.4154411760000001
779.jpeg,none,0.38997933900000004,0.29227941200000007,0.19111570199999997,0.43750000000000006
780.jpeg,none,0.5397727274999999,0.476102941,0.14772727300000002,0.36397058800000004
781.jpeg,none,0.6456611569999999,0.3556985295,0.08264462799999998,0.2628676469999999
782.jpeg,none,0.8130165290000001,0.630514706,0.17768595000000004,0.2977941179999999
783.jpeg,none,0.23757131199999995,0.28623188400000005,0.132844336,0.3579710140000001
784.jpeg,none,0.5888345555,0.45144927549999997,0.2078239609999999,0.3608695649999999
785.jpeg,none,0.34066829649999997,0.539130435,0.09290953499999999,0.28115942000000005
786.jpeg,none,0.5757946215,0.17028985500000002,0.075794621,0.22173913
787.jpeg,none,0.912795436,0.6130434779999999,0.15484922599999998,0.24057970999999995
788.jpeg,none,0.24979625099999997,0.5891304350000001,0.129584352,0.17246376800000007
789.jpeg,none,0.10431947849999998,0.615942029,0.11246943699999998,0.24927536199999997
790.jpeg,none,0.617252066,0.454963235,0.18285123999999986,0.46875
791.jpeg,none,0.3125,0.36580882350000005,0.08367768599999999,0.22426470500000006
792.jpeg,none,0.426868906,0.338150289,0.09750812599999996,0.15606936400000002
793.jpeg,none,0.6159263275000001,0.3689788055,0.1267605630000001,0.20616570300000003
794.jpeg,none,0.22697724849999998,0.5086705205,0.11592632699999998,0.21965317899999984
795.jpeg,none,0.475,0.1529411765,0.20599999999999993,0.223529411
796.jpeg,none,0.425,0.27499999999999997,0.103125,0.20555555599999994
797.jpeg,none,0.53203125,0.2625,0.0703125,0.14166666600000002
798.jpeg,none,0.33913043499999995,0.2844155845,0.14260869599999998,0.246753247
799.jpeg,none,0.666956522,0.422077922,0.13739130400000013,0.21558441600000003
800.jpeg,none,0.2799586775,0.3539325845,0.10537190099999999,0.3707865169999999
801.jpeg,none,0.37086776850000003,0.376404494,0.08471074300000003,0.3595505620000001
802.jpeg,none,0.47314049599999997,0.27247191000000004,0.12190082600000006,0.44382022400000004
803.jpeg,none,0.6185185185,0.17375,0.2962962970000001,0.2775
804.jpeg,none,0.3369447455,0.380487805,0.33369447499999993,0.5040650400000001
805.jpeg,none,0.1075,0.3875,0.205,0.4875
806.jpeg,none,0.31416666699999996,0.35,0.16500000000000004,0.4125
807.jpeg,none,0.5583333334999999,0.3296875,0.21666666699999998,0.478125
808.jpeg,none,0.7625,0.2640625,0.2616666659999998,0.515625
809.jpeg,none,0.188333333,0.425632911,0.3,0.737341772
810.jpeg,none,0.5125,0.23259493650000002,0.135,0.357594937
811.jpeg,none,0.86,0.45727848099999996,0.2566666659999999,0.8196202539999999
812.jpeg,none,0.49837486449999996,0.141618497,0.09317443100000009,0.16763005800000003
813.jpeg,none,0.75460455,0.206165703,0.09642470199999983,0.138728324
814.jpeg,none,0.2540628385,0.36512524049999995,0.07475622899999997,0.13294797699999997
815.jpeg,none,0.621428571,0.061137441,0.138095238,0.086255924
816.jpeg,none,0.4,0.33649289100000007,0.31111111200000013,0.15165876800000003
817.jpeg,none,0.6222222225,0.572037915,0.15873015900000004,0.09952606599999994
818.jpeg,none,0.4880952380000001,0.8763033174999999,0.404761904,0.17535545100000002
819.jpeg,none,0.301191766,0.5134020615,0.05417117999999997,0.13195876299999995
820.jpeg,none,0.219393283,0.239177489,0.072589382,0.13636363599999993
821.jpeg,none,0.5048754065000001,0.1341991345,0.05417118099999999,0.12121212099999999
822.jpeg,none,0.8217768145,0.22402597450000003,0.06608884099999988,0.17099567100000004
823.jpeg,none,0.4125,0.34444444450000006,0.25625,0.544444445
824.jpeg,none,0.228305785,0.5,0.16942148799999998,0.433884298
825.jpeg,none,0.3295454545,0.306818182,0.16322314100000004,0.39876033000000005
826.jpeg,none,0.53357438,0.5072314049999999,0.21797520600000003,0.7086776859999998
827.jpeg,none,0.7577479340000001,0.3636363635,0.18078512399999985,0.48347107500000003
828.jpeg,none,0.922004132,0.6725206615,0.15392561999999987,0.646694215
829.jpeg,none,0.12567713949999998,0.24552845499999995,0.11050920899999998,0.20162601599999994
830.jpeg,none,0.43174431199999996,0.43170731700000003,0.10075839599999994,0.13495935
831.jpeg,none,0.378656555,0.156097561,0.107258938,0.195121952
832.jpeg,none,0.701516793,0.1837398375,0.1115926320000001,0.18211382100000004
833.jpeg,none,0.8396533045,0.3642276425,0.09317443099999992,0.13333333299999992
834.jpeg,none,0.5297941495,0.2918699185,0.10184182099999999,0.154471545
835.jpeg,none,0.259643917,0.411,0.169139466,0.16200000000000006
836.jpeg,none,0.505934718,0.388,0.15727002999999992,0.16800000000000007
837.jpeg,none,0.7359050445000002,0.364,0.17210682499999996,0.112
838.jpeg,none,0.6038961039999999,0.22761760249999996,0.354359926,0.352048559
839.jpeg,none,0.395176252,0.6995447650000001,0.3784786639999999,0.3338391500000001
840.jpeg,none,0.6,0.4542857145,0.29090909,0.577142857
841.jpeg,none,0.3895833335,0.386111111,0.09166666700000002,0.14444444399999995
842.jpeg,none,0.721875,0.475,0.11041666599999994,0.15000000000000008
843.jpeg,none,0.5875,0.559722222,0.075,0.1527777780000001
844.jpeg,none,0.380823402,0.319805195,0.08342361800000003,0.146103896
845.jpeg,none,0.4875406285,0.22808441549999997,0.10400866700000005,0.15746753299999997
846.jpeg,none,0.6143011915,0.46753246749999994,0.06500541700000019,0.12337662299999998
847.jpeg,none,0.6256771394999999,0.43722943699999994,0.14409534099999996,0.367965368
848.jpeg,none,0.8508557455000001,0.26208178449999997,0.14017929900000012,0.21437422500000003
849.jpeg,none,0.6544417275,0.245972739,0.13854930699999982,0.229244114
850.jpeg,none,0.4898125505,0.34448575,0.12061939699999989,0.22552664200000003
851.jpeg,none,0.28035859799999996,0.36926889749999997,0.12876935599999992,0.19578686500000003
852.jpeg,none,0.089242054,0.416976456,0.105134474,0.18463444799999992
853.jpeg,none,0.3658536585,0.414383562,0.141206675,0.28995433800000003
854.jpeg,none,0.6810012835,0.404109589,0.10654685499999997,0.242009132
855.jpeg,none,0.835686778,0.305936073,0.1283697040000002,0.246575342
856.jpeg,none,0.7201540435000001,0.5913242010000002,0.15147625100000012,0.21917808200000008
857.jpeg,none,0.105,0.165625,0.12,0.314583334
858.jpeg,none,0.30375,0.25312500000000004,0.0925,0.31458333400000005
859.jpeg,none,0.464375,0.2020833335,0.13874999999999993,0.27083333299999995
860.jpeg,none,0.604375,0.3760416665,0.09625,0.28958333300000005
861.jpeg,none,0.78875,0.425,0.12,0.345833334
862.jpeg,none,0.5155131265,0.44630071600000004,0.08353221900000006,0.1575179
863.jpeg,none,0.485419198,0.225,0.3657351159999999,0.251666666
864.png,none,0.19478402649999998,0.45885093200000004,0.25101874499999993,0.73447205
865.png,none,0.39079054650000006,0.5201863354999999,0.18500407500000002,0.5900621109999998
866.png,none,0.5717196415,0.5178571425,0.1605541970000001,0.6071428569999999
867.png,none,0.8084759575000001,0.31987577600000006,0.308068459,0.590062112
868.jpeg,none,0.189599133,0.485094851,0.11267605600000004,0.314363144
869.jpeg,none,0.6782231855,0.418699187,0.12351029300000012,0.30623306199999994
870.jpeg,none,0.483748646,0.7601626014999999,0.11375947999999994,0.273712737
871.jpeg,none,0.8466955580000001,0.4986449865,0.09209100799999988,0.222222223
872.jpeg,none,0.339653304,0.5718157185,0.11375948000000005,0.292682927
873.jpeg,none,0.307150596,0.454397394,0.08559046599999996,0.263843648
874.jpeg,none,0.10238353199999999,0.4462540715,0.07475622999999998,0.24755700299999997
875.jpeg,none,0.43228602399999994,0.3550488595,0.10184182000000001,0.293159609
876.jpeg,none,0.536836403,0.49837133549999996,0.08125677199999996,0.21498371300000002
877.jpeg,none,0.6126760560000001,0.506514658,0.07475623000000013,0.270358306
878.jpeg,none,0.9008667389999999,0.37133550449999997,0.07042253600000001,0.2931596089999998
879.jpeg,none,0.37571312149999997,0.5060240965,0.2754686229999999,0.698795181
880.jpeg,none,0.659331703,0.40562248999999995,0.21515892400000006,0.6425702819999999
881.jpeg,none,0.3510292525,0.2103448275,0.06933911099999994,0.04367816099999997
882.jpeg,none,0.516251354,0.198467433,0.07908992399999999,0.06130268199999998
883.jpeg,none,0.7118093174999999,0.214176245,0.0520043330000002,0.05747126399999998
884.jpeg,none,0.5378571425,0.3215053765,0.22714285700000006,0.35053763499999996
885.jpeg,none,0.509375,0.225,0.15208333400000004,0.266666666
886.jpeg,none,0.26562499999999994,0.5055555555000001,0.160416666,0.21111111100000007
887.jpeg,none,0.0970414205,0.3251582275,0.179881657,0.28639240499999996
888.jpeg,none,0.29349112450000003,0.21756329100000002,0.179881657,0.3022151900000001
889.jpeg,none,0.5621301775,0.23734177199999998,0.15621301700000007,0.28164557
890.jpeg,none,0.7798816565,0.25949367100000004,0.1846153850000001,0.29430379800000006
891.jpeg,none,0.4127843985,0.3498376625,0.16034669500000004,0.23538961100000005
892.jpeg,none,0.6440953410000001,0.383928571,0.13109425799999994,0.202922078
893.jpeg,none,0.42625,0.2346153845,0.1675,0.269230769
894.jpeg,none,0.18875,0.24423076900000004,0.1425,0.24230769200000002
895.jpeg,none,0.79375,0.2846153845,0.1425,0.27692307699999996
896.jpeg,none,0.610833333,0.3916876575,0.2150000000000001,0.400503779
897.jpeg,none,0.249187432,0.26595744649999997,0.06283857000000001,0.08019639900000006
898.jpeg,none,0.2968580715,0.4083469720000001,0.06283856900000001,0.09001636600000003
899.jpeg,none,0.3472372695,0.5605564645000001,0.06608884100000001,0.08019639899999997
900.jpeg,none,0.368905742,0.342062193,0.05742145199999993,0.07528641600000002
901.jpeg,none,0.5487540630000001,0.45171849449999996,0.05525460400000004,0.085106383
902.jpeg,none,0.4458288195,0.4819967265000001,0.05958829900000001,0.08019639900000006
903.jpeg,none,0.38299024949999994,0.19394435350000003,0.05958829900000001,0.08674304500000003
904.jpeg,none,0.51787649,0.2144026185,0.06283857000000004,0.085106383
905.jpeg,none,0.4718309855,0.3191489365,0.05958829900000007,0.08510638299999995
906.jpeg,none,0.585590466,0.3117839605,0.05525460399999993,0.08019639899999997
907.jpeg,none,0.6283856990000001,0.1963993455,0.04983748600000004,0.08510638299999998
908.jpeg,none,0.690682557,0.2765957445,0.0509209100000001,0.07201309300000001
909.jpeg,none,0.6776814735000001,0.43617021249999993,0.061755146999999955,0.08019639900000014
910.jpeg,none,0.835861322,0.42225859250000003,0.06392199400000009,0.10147299500000004
911.jpeg,none,0.752437703,0.18739770849999998,0.05525460400000004,0.08019639899999997
912.jpeg,none,0.7995666305,0.2782324055,0.05200433300000007,0.08510638299999995
913.jpeg,none,0.1091644205,0.36318897600000005,0.150943397,0.246062992
914.jpeg,none,0.316037736,0.318897638,0.198113208,0.362204724
915.jpeg,none,0.5889487870000001,0.3464566925,0.22371967600000006,0.409448819
916.jpeg,none,0.8477088949999999,0.3316929135,0.21293800599999985,0.34448818900000006
917.jpeg,none,0.5841666670000001,0.26666666699999997,0.0950000000000001,0.24
918.jpeg,none,0.14629176850000003,0.548076923,0.11817440900000002,0.37393162399999985
919.jpeg,none,0.34352078249999995,0.32905982899999997,0.105134475,0.354700854
920.jpeg,none,0.493480033,0.436965812,0.08557457199999999,0.284188034
921.jpeg,none,0.619804401,0.2264957265,0.10350448199999994,0.27350427299999996
922.jpeg,none,0.6772616134999999,0.5940170939999999,0.09290953499999983,0.33760683799999996
923.jpeg,none,0.8634881825,0.6688034185,0.08557457300000015,0.2692307689999999
924.png,none,0.26486486499999995,0.27153558050000004,0.19999999999999996,0.513108615
925.png,none,0.26148648649999995,0.7509363294999999,0.15270270299999994,0.288389513
926.png,none,0.595945946,0.4850187265000001,0.19999999999999984,0.5805243450000002
927.png,none,0.8195945945,0.2621722845,0.17432432499999992,0.45692883900000003
928.jpeg,none,0.259868421,0.18737672549999998,0.10921052599999997,0.17751479299999995
929.jpeg,none,0.6213517665,0.240506329,0.10906298100000006,0.21265822799999998
930.jpeg,none,0.6190476194999999,0.304761905,0.2730158729999999,0.476190476
931.jpeg,none,0.286259542,0.3963039015,0.10432570000000002,0.22176591299999995
932.png,none,0.3614583335,0.23694029849999998,0.21041666700000006,0.38432835899999995
933.png,none,0.6791666665,0.2630597015,0.20833333299999998,0.376865671
934.jpeg,none,0.14927685950000003,0.27708978349999996,0.075413223,0.12383900899999996
935.jpeg,none,0.091942149,0.313467492,0.05785124,0.11300309600000004
936.jpeg,none,0.34607438,0.287151703,0.07024793400000007,0.12848297200000003
937.jpeg,none,0.415805785,0.29102167149999997,0.05268594999999998,0.11764705900000001
938.jpeg,none,0.5,0.333591331,0.06611570200000005,0.10371517000000001
939.jpeg,none,0.7267561985,0.305727554,0.12086776899999996,0.19349845199999996
940.jpeg,none,0.9261363635,0.32972136199999996,0.09194214899999997,0.16718266199999993
941.jpeg,none,0.6151859504999999,0.333591331,0.06508264500000005,0.08823529399999995
942.jpeg,none,0.2525826445,0.3351393185,0.06714876100000003,0.08513931899999998
943.jpeg,none,0.028409090999999997,0.295665635,0.036157023999999996,0.08978328200000003
944.jpeg,none,0.630165289,0.2685758515,0.026859503999999923,0.03869969099999992
945.jpeg,none,0.54296875,0.3305555555,0.1078125,0.25555555499999993
946.jpeg,none,0.444666667,0.461152882,0.324,0.877192982
947.jpeg,none,0.6,0.28385416700000005,0.28571428599999993,0.484375
948.png,none,0.1391666665,0.4519572955,0.10833333299999998,0.22064056900000004
949.png,none,0.28583333350000006,0.41459074700000004,0.10833333300000007,0.23843416399999998
950.png,none,0.706666667,0.443060498,0.07000000000000009,0.18149466199999997
951.png,none,0.85,0.4839857655,0.0899999999999999,0.22775800699999998
952.jpeg,none,0.23564463699999996,0.47402597400000007,0.23510292599999996,0.5324675320000001
953.jpeg,none,0.37890625,0.3194444445,0.2140625,0.5277777770000001
954.jpeg,none,0.55,0.45277777750000003,0.125,0.21111111099999996
955.jpeg,none,0.3984375,0.6652777775,0.146875,0.38611111099999984
956.jpeg,none,0.77734375,0.6944444445,0.1203125,0.1833333329999999
957.png,none,0.36042402849999994,0.38505747149999997,0.075382803,0.281609195
958.png,none,0.43639575950000004,0.216954023,0.05064782100000004,0.14080459800000003
959.jpeg,none,0.5725346374999999,0.43115942049999995,0.31866340699999995,0.760869565
960.jpeg,none,0.5285016290000001,0.3583815025,0.22312703600000006,0.5144508670000001
961.jpeg,none,0.471590909,0.48989898950000005,0.28977272800000003,0.505050505
962.jpeg,none,0.515136719,0.18847656299999999,0.20996093799999993,0.26171875
963.jpeg,none,0.22860238349999998,0.26763485449999996,0.13001083500000002,0.294605809
964.jpeg,none,0.393824485,0.5124481329999999,0.11375947999999998,0.22406639000000012
965.jpeg,none,0.6061755145000001,0.450207469,0.11809317499999991,0.22406638999999992
966.jpeg,none,0.7876489705,0.242738589,0.1516793070000001,0.28630705400000006
967.jpeg,none,0.3496900825,0.6315789475,0.114669421,0.199637023
968.jpeg,none,0.34917355349999996,0.2940108895,0.074380165,0.19600725900000004
969.jpeg,none,0.48450413200000003,0.2540834845,0.08677685999999997,0.177858439
970.jpeg,none,0.6131198345,0.5226860255,0.13119834700000002,0.19600725899999988
971.jpeg,none,0.8879132230000002,0.286751361,0.19111570200000003,0.24682395599999998
972.jpeg,none,0.8037190085000001,0.724137931,0.14876033100000002,0.239564428
973.jpeg,none,0.11828512399999999,0.329724409,0.191115702,0.4350393699999999
974.jpeg,none,0.305785124,0.3415354335,0.260330578,0.596456693
975.jpeg,none,0.5594008265,0.4498031495,0.22417355299999994,0.6082677169999998
976.jpeg,none,0.8285123965,0.4537401575,0.198347107,0.521653543
977.jpeg,none,0.238353196,0.17532467549999997,0.084507042,0.21645021699999997
978.jpeg,none,0.461538462,0.211038961,0.07367280600000004,0.16666666599999996
979.jpeg,none,0.7150595879999999,0.21320346299999998,0.07367280599999992,0.162337662
980.jpeg,none,0.8239436615,0.2965367965,0.10509209100000017,0.17748917699999997
981.jpeg,none,0.28357438,0.295036765,0.155991736,0.32904411799999994
982.jpeg,none,0.422004132,0.40992647099999996,0.06921487600000004,0.16176470599999992
983.jpeg,none,0.472107438,0.45863970549999994,0.03719008199999996,0.07536764699999995
984.jpeg,none,0.5237603305,0.430147059,0.047520660999999964,0.10294117600000001
985.jpeg,none,0.6002066115,0.419117647,0.057851239,0.11397058800000008
986.jpeg,none,0.6957644625,0.345588235,0.10640495900000002,0.17647058799999998
987.jpeg,none,0.4075,0.3294117644999999,0.1083333340000001,0.3686274509999999
988.jpeg,none,0.24647887349999997,0.1801587305,0.07692307700000002,0.141269841
989.jpeg,none,0.40520043350000007,0.172222222,0.07583965299999998,0.10634920599999999
990.jpeg,none,0.5839653305,0.308730159,0.06717226499999994,0.11587301600000006
991.jpeg,none,0.7296858075,0.19682539699999999,0.059588299000000046,0.11428571399999998
992.jpeg,none,0.8028169015000001,0.165873016,0.08234019500000003,0.10952381000000003
993.png,none,0.2675,0.258333333,0.07833333399999996,0.18999999999999997
994.jpeg,none,0.17114914399999998,0.35941320299999996,0.218418908,0.457212714
995.jpeg,none,0.39119804399999997,0.44621026899999994,0.16462917600000004,0.37897310600000006
996.jpeg,none,0.6299918499999999,0.5342298289999999,0.18255908800000015,0.41809291
997.jpeg,none,0.805215974,0.336797066,0.28524857399999987,0.40709046400000004
998.jpeg,none,0.1928494045,0.5456081085,0.09317443099999999,0.26013513499999985
999.jpeg,none,0.384615385,0.42905405399999996,0.08017334799999999,0.25
1000.jpeg,none,0.5969664140000001,0.30405405399999996,0.09100758399999999,0.24999999999999997
1001.jpeg,none,0.7432286024999999,0.591216216,0.0996749730000002,0.263513514
1002.jpeg,none,0.24165029500000001,0.3677536235,0.15324164999999998,0.489130435
1003.jpeg,none,0.355599214,0.4764492755,0.14538310399999999,0.307971015
1004.jpeg,none,0.5638506875,0.5054347825000001,0.14145383099999995,0.35144927499999995
1005.jpeg,none,0.8497053044999999,0.3496376815,0.16306483299999994,0.2789855069999999
1006.jpeg,none,0.7200392925,0.24818840550000001,0.1630648330000002,0.416666667
1007.jpeg,none,0.5136298425,0.137700535,0.1176470590000001,0.221925134
1008.jpeg,none,0.708333333,0.495943205,0.15,0.24137930999999996
1009.jpeg,none,0.6233333335,0.47360248449999987,0.44333333299999994,0.8167701869999998
1010.jpeg,none,0.421875,0.43521126749999994,0.396875,0.842253521
1011.jpeg,none,0.4122426865,0.40769230799999995,0.05958829899999995,0.146153846
1012.jpeg,none,0.6335697395,0.314102564,0.524822695,0.5576923079999999
1013.jpeg,none,0.4138888890000001,0.2989583335,0.10833333399999998,0.31458333299999997
1014.jpeg,none,0.5020833335,0.3739583335,0.09861111099999999,0.297916667
1015.jpeg,none,0.435,0.4239864864999999,0.1966666659999999,0.523648649
1016.jpeg,none,0.772121212,0.15086206900000002,0.0727272720000001,0.12931034400000005
1017.jpeg,none,0.778787879,0.515086207,0.08848484800000003,0.16379310400000005
1018.jpeg,none,0.656363636,0.42672413800000003,0.06424242400000009,0.1551724140000001
1019.jpeg,none,0.45272727250000006,0.42672413800000003,0.08121212099999997,0.17672413800000006
1020.jpeg,none,0.2763636365,0.4450431035000001,0.08484848500000006,0.20043103499999998
1021.jpeg,none,0.34484848449999994,0.42025862049999996,0.04484848500000005,0.18103448300000002
1022.jpeg,none,0.1375757575,0.15517241399999998,0.06181818100000004,0.24999999999999997
1023.jpeg,none,0.204225352,0.41544715449999997,0.111592632,0.15121951300000003
1024.jpeg,none,0.320693391,0.2837398375,0.10184182,0.170731707
1025.jpeg,none,0.4360780065,0.23658536600000002,0.07908992500000003,0.13495935000000006
1026.jpeg,none,0.5270855905,0.256097561,0.08342361900000002,0.16747967399999997
1027.jpeg,none,0.628385699,0.4016260165,0.08667389000000003,0.16585365900000004
1028.jpeg,none,0.7340195015000001,0.5414634145,0.09425785499999983,0.133333333
1029.jpeg,none,0.88028169,0.5723577235,0.0985915500000001,0.12357723499999992
1030.jpeg,none,0.4907908995,0.253846154,0.099674973,0.20769230799999994
1031.jpeg,none,0.18092909549999997,0.23913043500000003,0.161369193,0.32173913
1032.jpeg,none,0.49674001649999994,0.214492754,0.15729421299999996,0.295652174
1033.jpeg,none,0.7673186635,0.1898550725,0.12632436899999983,0.22608695700000003
1034.jpeg,none,0.45857142850000004,0.17523809550000002,0.20857142900000006,0.30095238100000005
1035.jpeg,none,0.409607438,0.4172794114999999,0.18904958600000007,0.30882352899999993
1036.jpeg,none,0.233760684,0.5169642855000001,0.09829059800000003,0.21607142899999998
1037.jpeg,none,0.361111111,0.5160714285,0.108547008,0.20714285699999999
1038.jpeg,none,0.495726496,0.4348214289999999,0.083760684,0.18749999999999994
1039.jpeg,none,0.5538461535,0.3910714285,0.063247863,0.20357142900000003
1040.jpeg,none,0.6675213674999999,0.339285714,0.078632479,0.18571428600000003
1041.jpeg,none,0.591880342,0.2125,0.07264957199999987,0.2
1042.jpeg,none,0.428125,0.2375,0.071875,0.20833333400000004
1043.jpeg,none,0.38584710750000006,0.300964187,0.2551652890000001,0.3650137739999999
1044.jpeg,none,0.19938016549999998,0.35399449050000004,0.214876033,0.38016528899999996
1045.jpeg,none,0.5396825394999999,0.19333333299999997,0.6126984129999999,0.35999999999999993
1046.jpeg,none,0.4934123845,0.300947867,0.09881422900000002,0.19431279600000004
1047.jpeg,none,0.5732758619999999,0.46625766849999994,0.215517242,0.447852761
1048.jpeg,none,0.56875,0.0944444445,0.090625,0.18333333300000001
1049.jpeg,none,0.11953125,0.3472222225,0.0859375,0.11111111099999996
1050.jpeg,none,0.93359375,0.34583333350000006,0.0796875,0.141666667
1051.jpeg,none,0.85234375,0.8722222220000001,0.0859375,0.14444444400000012
1052.jpeg,none,0.3328125,0.326388889,0.0625,0.13055555600000004
1053.jpeg,none,0.37432286049999997,0.268134715,0.08342361900000002,0.240932642
1054.jpeg,none,0.17665289299999998,0.162601626,0.138429752,0.247154472
1055.jpeg,none,0.429235537,0.293495935,0.122933884,0.21300813
1056.jpeg,none,0.6296487599999999,0.3089430895,0.09814049599999988,0.165853659
1057.jpeg,none,0.84142562,0.31951219500000005,0.1208677680000001,0.19024390200000005
1058.jpeg,none,0.6668388430000001,0.6113821134999999,0.07747933799999995,0.269918699
1059.jpeg,none,0.5020661160000001,0.685758514,0.09710743800000005,0.17956656399999996
1060.jpeg,none,0.3088842975,0.7608359135,0.06198347099999997,0.1408668729999999
1061.jpeg,none,0.1410123965,0.716718266,0.07954545499999999,0.17647058799999987
1062.jpeg,none,0.1585743805,0.40092879249999996,0.09194214899999999,0.15789473700000003
1063.jpeg,none,0.32799586799999997,0.4125386995,0.09814049600000005,0.17492260100000004
1064.jpeg,none,0.4715909095,0.390866873,0.10433884300000004,0.13157894800000008
1065.jpeg,none,0.680785124,0.29489164050000005,0.08471074399999994,0.15634674899999998
1066.jpeg,none,0.8708677685,0.43266253899999996,0.0909090910000001,0.1625387
1067.jpeg,none,0.8450413224999999,0.30882352949999997,0.08057851299999999,0.150154799
1068.jpeg,none,0.9917355370000001,0.359133127,0.016528925999999902,0.16099071199999992
1069.jpeg,none,0.22900000000000004,0.2723214285,0.13400000000000006,0.20535714300000002
1070.jpeg,none,0.624,0.17633928549999997,0.09599999999999989,0.263392857
1071.jpeg,none,0.727,0.1741071425,0.06999999999999988,0.294642857
1072.jpeg,none,0.842,0.18973214249999998,0.096,0.36160714299999996
1073.jpeg,none,0.42635658949999994,0.39,0.480620155,0.656
1074.png,none,0.569,0.4075067025,0.378,0.482573727
1075.jpeg,none,0.23700000000000004,0.28678678649999995,0.11800000000000002,0.20720720699999998
1076.jpeg,none,0.317,0.5495495495,0.114,0.18618618699999992
1077.jpeg,none,0.5049999999999999,0.46546546549999995,0.10599999999999989,0.18618618699999992
1078.jpeg,none,0.4,0.12462462450000002,0.15200000000000005,0.19519519500000002
1079.jpeg,none,0.566,0.273273273,0.128,0.162162162
1080.jpeg,none,0.721,0.147147147,0.122,0.17417417400000001
1081.jpeg,none,0.09555785149999999,0.1510128915,0.120867769,0.23941068100000001
1082.jpeg,none,0.2241735535,0.271639042,0.08884297500000002,0.20073664799999996
1083.jpeg,none,0.2871900825,0.20902394100000002,0.08677685899999997,0.17495396000000007
1084.jpeg,none,0.38171487600000004,0.2633517495,0.06301652799999997,0.16942909699999997
1085.jpeg,none,0.5495867765,0.132596685,0.11776859499999993,0.23941068199999999
1086.jpeg,none,0.7169421484999999,0.332412523,0.11983471100000008,0.21546961399999992
1087.jpeg,none,0.612603306,0.24309392249999998,0.06611570199999997,0.162062615
1088.jpeg,none,0.854855372,0.16850828699999998,0.06714876000000004,0.18232044200000003
1089.jpeg,none,0.79803719,0.2486187845,0.08161157000000006,0.17679558099999998
1090.jpeg,none,0.24121900799999998,0.560773481,0.112603306,0.2596685079999999
1091.jpeg,none,0.44524793349999997,0.584714549,0.10330578499999997,0.2302025780000001
1092.jpeg,none,0.6002066115,0.6703499079999999,0.11983471099999997,0.23572744000000007
1093.jpeg,none,0.5783475785,0.3839285715000001,0.10256410300000009,0.24404761900000008
1094.jpeg,none,0.7556980055,0.375,0.08119658099999989,0.17857142799999995
1095.jpeg,none,0.8611111115000001,0.3526785715,0.10113960100000002,0.21130952299999997
1096.jpeg,none,0.43945868950000005,0.2217261905,0.08974358900000001,0.223214285
1097.png,none,0.4857336955,0.17913832200000002,0.08831521699999997,0.136054422
1098.png,none,0.8661684784999999,0.1904761905,0.09918478299999987,0.15419501100000002
1099.jpeg,none,0.2387695315,0.311127379,0.09472656299999999,0.144948756
1100.jpeg,none,0.4555664065,0.36090775999999997,0.06347656299999999,0.10688140599999996
1101.jpeg,none,0.556152344,0.39165446550000005,0.08496093799999993,0.14787701300000008
1102.jpeg,none,0.327636719,0.7408491945000001,0.024414062000000014,0.03221083500000002
1103.jpeg,none,0.2753906255,0.7628111275,0.025390625,0.03221083500000002
1104.jpeg,none,0.62109375,0.2545454545,0.1484375,0.27012987099999997
1105.jpeg,none,0.5982954545,0.275979557,0.21931818100000006,0.337308348
1106.jpeg,none,0.47995666300000006,0.3586132175,0.24052004400000002,0.24052004300000002
1107.jpeg,none,0.21505958849999998,0.4929577464999999,0.19609967500000003,0.20801733499999991
1108.jpeg,none,0.6316359699999999,0.735644637,0.199349946,0.23835319599999996
1109.jpeg,none,0.6843033510000001,0.393416928,0.08465608400000002,0.1661441999999999
1110.jpeg,none,0.23594132,0.2101449275,0.06764466199999998,0.13333333300000003
1111.jpeg,none,0.35615321949999995,0.1326086955,0.058679706999999935,0.152173913
1112.jpeg,none,0.4115729425,0.27971014499999997,0.055419722999999976,0.06956521800000003
1113.jpeg,none,0.50203749,0.293478261,0.061939690000000026,0.12608695599999997
1114.jpeg,none,0.585167074,0.1920289855,0.04726976399999998,0.108695653
1115.jpeg,none,0.6996740019999999,0.113043478,0.06438467799999997,0.11884058
1116.jpeg,none,0.8044009779999999,0.19855072499999998,0.06519967399999999,0.136231884
1117.png,none,0.5102925245000001,0.37769784199999995,0.15601300099999993,0.287769784
1118.jpeg,none,0.38549307250000003,0.434057971,0.4270578650000001,0.8304347820000001
1119.jpeg,none,0.7567148765,0.3851102945,0.29855371900000005,0.586397059
1120.jpeg,none,0.4156479215000001,0.17898550699999996,0.167889161,0.3463768119999999
1121.jpeg,none,0.2577540105,0.4863813229999999,0.11122994699999998,0.2645914399999999
1122.jpeg,none,0.6620320854999999,0.492217899,0.16256684500000002,0.28404669200000005
1123.jpeg,none,0.3605182925,0.3519269775,0.08079268299999996,0.13590263700000005
1124.jpeg,none,0.5,0.4746450305,0.08841463399999999,0.17444219100000002
1125.jpeg,none,0.6920731705000001,0.429006085,0.042682927000000016,0.09127789000000003
1126.jpeg,none,0.19588414650000002,0.5152129815000001,0.05945121900000004,0.09736308299999995
1127.jpeg,none,0.09222560950000001,0.5628803250000001,0.041158537000000016,0.046653144000000174
1128.jpeg,none,0.267530488,0.275862069,0.035060976000000035,0.056795131999999984
1129.jpeg,none,0.5060975609999999,0.27789046650000004,0.04268292600000002,0.08924949300000001
1130.jpeg,none,0.606707317,0.33772819449999997,0.027439023999999968,0.042596348999999985
1131.jpeg,none,0.7873475610000001,0.4361054765,0.02896341399999986,0.044624747000000006
1132.jpeg,none,0.8269817075000001,0.570993915,0.047256096999999865,0.11156186599999988
